"michelin_4153","tripadvisor_76737","0.7175"
"michelin_1068","tripadvisor_75562","0.72"
"michelin_1518","tripadvisor_80175","0.7"
"michelin_3826","tripadvisor_72123","0.7446153846153847"
"michelin_3836","tripadvisor_76998","0.7466666666666668"
"michelin_5146","tripadvisor_57909","0.72"
"michelin_1081","tripadvisor_73172","0.7733333333333334"
"michelin_222","tripadvisor_73672","0.7054545454545456"
"michelin_1081","tripadvisor_79050","0.7933333333333334"
"michelin_360","tripadvisor_94111","0.7869565217391304"
"michelin_1098","tripadvisor_70640","0.8949999999999999"
"michelin_1081","tripadvisor_74107","0.7266666666666668"
"michelin_3836","tripadvisor_72146","0.7054545454545456"
"michelin_1447","tripadvisor_70153","0.9999999999999999"
"michelin_4230","tripadvisor_70908","0.9999999999999999"
"michelin_3355","tripadvisor_22521","0.9666666666666666"
"michelin_4944","tripadvisor_35169","0.7121428571428572"
"michelin_1425","tripadvisor_70135","0.7466666666666668"
"michelin_175","tripadvisor_2400","0.7098214285714285"
"michelin_175","tripadvisor_331","0.7928571428571428"
"michelin_4676","tripadvisor_96603","0.7249999999999999"
"michelin_828","tripadvisor_1279","0.7512605042016807"
"michelin_3954","tripadvisor_50494","0.9999999999999999"
"michelin_3954","tripadvisor_50497","0.7221052631578948"
"michelin_1081","tripadvisor_70636","0.7077777777777778"
"michelin_1419","tripadvisor_79885","0.7083333333333333"
"michelin_3356","tripadvisor_22515","0.9254901960784314"
"michelin_220","tripadvisor_72694","0.7374999999999999"
"michelin_4676","tripadvisor_95623","0.7249999999999999"
"michelin_4169","tripadvisor_73330","0.71"
"michelin_5144","tripadvisor_55981","0.7266666666666668"
"michelin_2269","tripadvisor_59459","0.7374999999999999"
"michelin_20","tripadvisor_75766","0.7175"
"michelin_2269","tripadvisor_57032","0.7054545454545456"
"michelin_1073","tripadvisor_75546","0.7266666666666668"
"michelin_1054","tripadvisor_73149","0.9100000000000001"
"michelin_832","tripadvisor_129","0.7428571428571428"
"michelin_3826","tripadvisor_74570","0.9999999999999999"
"michelin_2813","tripadvisor_82457","0.9614583333333334"
"michelin_1496","tripadvisor_70191","0.78"
"michelin_1083","tripadvisor_80582","0.769090909090909"
"michelin_2123","tripadvisor_34187","0.7417582417582418"
"michelin_4221","tripadvisor_76819","0.9999999999999999"
"michelin_5144","tripadvisor_55972","0.71"
"michelin_5143","tripadvisor_58493","0.74125"
"michelin_1081","tripadvisor_75543","0.8049999999999999"
"michelin_1419","tripadvisor_77006","0.7083333333333333"
"michelin_3836","tripadvisor_77907","0.7254545454545456"
"michelin_1081","tripadvisor_78079","0.74125"
"michelin_3838","tripadvisor_71173","0.7266666666666668"
"michelin_5143","tripadvisor_55964","0.7"
"michelin_225","tripadvisor_73628","0.7266666666666668"
"michelin_3860","tripadvisor_79056","0.77"
"michelin_5144","tripadvisor_55964","0.7466666666666668"
"michelin_1068","tripadvisor_81540","0.7"
"michelin_1054","tripadvisor_75583","0.7666666666666667"
"michelin_1505","tripadvisor_81584","0.71"
"michelin_828","tripadvisor_5","0.7121428571428572"
"michelin_1102","tripadvisor_72284","0.72"
"michelin_222","tripadvisor_70265","0.7054545454545456"
"michelin_1425","tripadvisor_72595","0.7"
"michelin_1425","tripadvisor_72594","0.7"
"michelin_1081","tripadvisor_77957","0.7077777777777778"
"michelin_5143","tripadvisor_59426","0.7"
"michelin_4944","tripadvisor_32601","0.9999999999999999"
"michelin_3364","tripadvisor_24066","0.8791666666666667"
"michelin_5143","tripadvisor_59422","0.7"
"michelin_150","tripadvisor_91854","0.9833333333333333"
"michelin_3836","tripadvisor_77044","0.7254545454545456"
"michelin_1081","tripadvisor_80557","0.81"
"michelin_1073","tripadvisor_77996","0.7077777777777778"
"michelin_1050","tripadvisor_78960","0.7"
"michelin_1419","tripadvisor_80082","0.7466666666666668"
"michelin_1412","tripadvisor_81038","0.7646153846153847"
"michelin_4676","tripadvisor_95666","0.7499999999999999"
"michelin_1419","tripadvisor_80922","0.7266666666666668"
"michelin_155","tripadvisor_91862","0.9833333333333333"
"michelin_2269","tripadvisor_56040","0.7254545454545456"
"michelin_175","tripadvisor_799","0.7561904761904762"
"michelin_5141","tripadvisor_56042","0.7266666666666668"
"michelin_4221","tripadvisor_76851","0.7"
"michelin_3936","tripadvisor_50494","0.7933333333333334"
"michelin_1081","tripadvisor_78921","0.7329411764705882"
"michelin_2266","tripadvisor_60079","0.7666666666666667"
"michelin_2266","tripadvisor_59403","0.7849999999999999"
"michelin_3361","tripadvisor_91837","0.9314814814814815"
"michelin_4153","tripadvisor_71879","0.7175"
"michelin_3823","tripadvisor_73155","0.9999999999999999"
"michelin_3854","tripadvisor_75980","0.7466666666666668"
"michelin_1419","tripadvisor_81445","0.7466666666666668"
"michelin_221","tripadvisor_75155","0.7060869565217391"
"michelin_1081","tripadvisor_78035","0.74125"
"michelin_1425","tripadvisor_70567","0.7"
"michelin_3369","tripadvisor_91832","0.9833333333333333"
"michelin_2269","tripadvisor_54975","0.7054545454545456"
"michelin_3838","tripadvisor_71618","0.7466666666666668"
"michelin_1518","tripadvisor_76578","0.7"
"michelin_3836","tripadvisor_80593","0.7054545454545456"
"michelin_3850","tripadvisor_71140","0.9999999999999999"
"michelin_362","tripadvisor_94199","0.9999999999999999"
"michelin_1055","tripadvisor_71141","0.7890909090909091"
"michelin_5143","tripadvisor_55078","0.7175"
"michelin_221","tripadvisor_71692","0.7060869565217391"
"michelin_2741","tripadvisor_64029","0.72"
"michelin_4171","tripadvisor_75714","0.7254545454545456"
"michelin_5703","tripadvisor_87344","0.7189473684210527"
"michelin_5733","tripadvisor_84850","0.7041666666666666"
"michelin_1407","tripadvisor_71518","0.7849999999999999"
"michelin_679","tripadvisor_22607","0.9666666666666666"
"michelin_2272","tripadvisor_53163","0.7"
"michelin_1521","tripadvisor_70688","0.72"
"michelin_4212","tripadvisor_76382","0.7"
"michelin_672","tripadvisor_30109","0.96"
"michelin_1419","tripadvisor_81423","0.7266666666666668"
"michelin_832","tripadvisor_571","0.7285714285714285"
"michelin_5730","tripadvisor_82425","0.9833333333333333"
"michelin_1068","tripadvisor_82022","0.78"
"michelin_713","tripadvisor_92144","0.7166666666666668"
"michelin_3267","tripadvisor_70412","0.98"
"michelin_1081","tripadvisor_77936","0.7733333333333334"
"michelin_4169","tripadvisor_81788","0.7933333333333334"
"michelin_5143","tripadvisor_55050","0.7133333333333334"
"michelin_1054","tripadvisor_82051","0.7466666666666668"
"michelin_1081","tripadvisor_71199","0.74125"
"michelin_3836","tripadvisor_74105","0.7054545454545456"
"michelin_3854","tripadvisor_74520","0.7266666666666668"
"michelin_4676","tripadvisor_94603","0.7421052631578947"
"michelin_1097","tripadvisor_74573","0.7"
"michelin_1081","tripadvisor_76983","0.8523076923076924"
"michelin_1081","tripadvisor_81973","0.8633333333333335"
"michelin_3835","tripadvisor_70634","0.9999999999999999"
"michelin_1068","tripadvisor_77023","0.7266666666666668"
"michelin_832","tripadvisor_1677","0.7428571428571428"
"michelin_1054","tripadvisor_81959","0.7266666666666668"
"michelin_1521","tripadvisor_79971","0.7"
"michelin_1054","tripadvisor_73598","0.7"
"michelin_3845","tripadvisor_73130","0.9500000000000001"
"michelin_1081","tripadvisor_79465","0.76125"
"michelin_2766","tripadvisor_91323","0.7449999999999999"
"michelin_1081","tripadvisor_70198","0.7107692307692308"
"michelin_1081","tripadvisor_71144","0.7329411764705882"
"michelin_4676","tripadvisor_95601","0.7749999999999999"
"michelin_3864","tripadvisor_77912","0.7466666666666668"
"michelin_1097","tripadvisor_74506","0.7"
"michelin_1423","tripadvisor_69938","0.9999999999999999"
"michelin_1422","tripadvisor_69937","0.9766666666666667"
"michelin_4171","tripadvisor_70816","0.7054545454545456"
"michelin_111","tripadvisor_91442","0.71"
"michelin_5143","tripadvisor_57448","0.71"
"michelin_1068","tripadvisor_77932","0.8244444444444445"
"michelin_1081","tripadvisor_70196","0.76125"
"michelin_1039","tripadvisor_76966","0.7083333333333333"
"michelin_1081","tripadvisor_82014","0.7129411764705882"
"michelin_5144","tripadvisor_57448","0.71"
"michelin_1081","tripadvisor_74508","0.7933333333333334"
"michelin_1425","tripadvisor_70584","0.98"
"michelin_5141","tripadvisor_54072","0.7266666666666668"
"michelin_3357","tripadvisor_30067","0.96"
"michelin_2123","tripadvisor_34591","0.7238095238095239"
"michelin_1068","tripadvisor_78025","0.8049999999999999"
"michelin_3826","tripadvisor_78939","0.7175"
"michelin_1419","tripadvisor_81479","0.7266666666666668"
"michelin_1038","tripadvisor_75518","0.7077777777777778"
"michelin_3820","tripadvisor_78931","0.8049999999999999"
"michelin_3860","tripadvisor_80511","0.7150000000000001"
"michelin_3832","tripadvisor_74592","0.7"
"michelin_1772","tripadvisor_66432","0.8999999999999999"
"michelin_5152","tripadvisor_54178","0.769090909090909"
"michelin_3860","tripadvisor_72153","0.7350000000000001"
"michelin_360","tripadvisor_97112","0.7374999999999999"
"michelin_832","tripadvisor_2710","0.7428571428571428"
"michelin_175","tripadvisor_1931","0.741904761904762"
"michelin_3654","tripadvisor_17483","0.9999999999999999"
"michelin_710","tripadvisor_91975","0.9833333333333333"
"michelin_4165","tripadvisor_71426","0.9066666666666666"
"michelin_175","tripadvisor_805","0.7098214285714285"
"michelin_1068","tripadvisor_81142","0.7"
"michelin_1050","tripadvisor_80166","0.7374999999999999"
"michelin_1110","tripadvisor_77670","0.78"
"michelin_4078","tripadvisor_50538","0.7"
"michelin_832","tripadvisor_1752","0.7428571428571428"
"michelin_1099","tripadvisor_81171","0.7"
"michelin_4153","tripadvisor_77319","0.7175"
"michelin_3838","tripadvisor_70215","0.9999999999999999"
"michelin_2738","tripadvisor_60983","0.9999999999999999"
"michelin_3827","tripadvisor_71675","0.9999999999999999"
"michelin_1054","tripadvisor_70241","0.73"
"michelin_1050","tripadvisor_80185","0.7"
"michelin_1419","tripadvisor_71966","0.7266666666666668"
"michelin_3840","tripadvisor_75168","0.9999999999999999"
"michelin_1054","tripadvisor_78553","0.7266666666666668"
"michelin_1077","tripadvisor_70271","0.7266666666666668"
"michelin_4123","tripadvisor_52131","0.8152941176470587"
"michelin_2745","tripadvisor_64438","0.7266666666666668"
"michelin_1081","tripadvisor_79574","0.81"
"michelin_2123","tripadvisor_35638","0.7095238095238096"
"michelin_1498","tripadvisor_70683","0.72"
"michelin_1253","tripadvisor_50617","0.9999999999999999"
"michelin_3836","tripadvisor_77562","0.7107692307692308"
"michelin_1081","tripadvisor_71246","0.76125"
"michelin_1088","tripadvisor_73661","0.7129411764705882"
"michelin_5143","tripadvisor_59093","0.7329411764705882"
"michelin_1053","tripadvisor_70261","0.8727272727272727"
"michelin_3826","tripadvisor_81103","0.7266666666666668"
"michelin_1059","tripadvisor_79525","0.7466666666666668"
"michelin_1081","tripadvisor_82126","0.74125"
"michelin_3829","tripadvisor_80154","0.7083333333333333"
"michelin_221","tripadvisor_73170","0.7060869565217391"
"michelin_4676","tripadvisor_96155","0.7171052631578947"
"michelin_3838","tripadvisor_75121","0.7083333333333333"
"michelin_1075","tripadvisor_70298","0.9999999999999999"
"michelin_3860","tripadvisor_71228","0.7350000000000001"
"michelin_4212","tripadvisor_70879","0.9999999999999999"
"michelin_1521","tripadvisor_76524","0.75"
"michelin_3860","tripadvisor_78595","0.7"
"michelin_222","tripadvisor_73146","0.7454545454545455"
"michelin_1050","tripadvisor_71233","0.7175"
"michelin_20","tripadvisor_79700","0.7"
"michelin_1088","tripadvisor_75181","0.7759999999999999"
"michelin_1059","tripadvisor_70293","0.9999999999999999"
"michelin_2266","tripadvisor_59063","0.7107692307692308"
"michelin_5152","tripadvisor_55079","0.7266666666666668"
"michelin_3885","tripadvisor_78588","0.71"
"michelin_3451","tripadvisor_316","0.9571428571428571"
"michelin_3839","tripadvisor_81566","0.7466666666666668"
"michelin_4221","tripadvisor_81497","0.7"
"michelin_3858","tripadvisor_74629","0.7999999999999999"
"michelin_175","tripadvisor_1023","0.7100840336134453"
"michelin_935","tripadvisor_17586","0.9999999999999999"
"michelin_5149","tripadvisor_56537","0.76"
"michelin_2771","tripadvisor_87365","0.96"
"michelin_5152","tripadvisor_55087","0.73"
"michelin_4165","tripadvisor_78731","0.8866666666666667"
"michelin_1081","tripadvisor_70253","0.7541176470588236"
"michelin_5143","tripadvisor_54108","0.73"
"michelin_1052","tripadvisor_71260","0.9125"
"michelin_1521","tripadvisor_79925","0.7054545454545456"
"michelin_111","tripadvisor_90088","0.76"
"michelin_1081","tripadvisor_81134","0.7933333333333334"
"michelin_4171","tripadvisor_72458","0.7254545454545456"
"michelin_5144","tripadvisor_54108","0.73"
"michelin_4676","tripadvisor_96135","0.7124999999999999"
"michelin_1054","tripadvisor_74143","0.9999999999999999"
"michelin_1295","tripadvisor_52128","0.7"
"michelin_1072","tripadvisor_74167","0.7984615384615383"
"michelin_1054","tripadvisor_70678","0.7266666666666668"
"michelin_4171","tripadvisor_77787","0.7254545454545456"
"michelin_1071","tripadvisor_70694","0.9999999999999999"
"michelin_5144","tripadvisor_60555","0.7107692307692308"
"michelin_1128","tripadvisor_71366","0.9999999999999999"
"michelin_1081","tripadvisor_77563","0.7933333333333334"
"michelin_1051","tripadvisor_78985","0.7175"
"michelin_3860","tripadvisor_76569","0.855"
"michelin_42","tripadvisor_76308","0.7466666666666668"
"michelin_1049","tripadvisor_76580","0.769090909090909"
"michelin_1068","tripadvisor_81588","0.75"
"michelin_2740","tripadvisor_61018","0.98"
"michelin_15","tripadvisor_70031","0.9300000000000002"
"michelin_1409","tripadvisor_70082","0.9999999999999999"
"michelin_3836","tripadvisor_71242","0.9999999999999999"
"michelin_1050","tripadvisor_70683","0.7"
"michelin_1519","tripadvisor_70193","0.9999999999999999"
"michelin_1521","tripadvisor_75986","0.7"
"michelin_1054","tripadvisor_76582","0.73"
"michelin_4676","tripadvisor_96550","0.8500000000000001"
"michelin_3854","tripadvisor_78985","0.7266666666666668"
"michelin_5138","tripadvisor_53148","0.7"
"michelin_1050","tripadvisor_71641","0.7466666666666668"
"michelin_1973","tripadvisor_96342","0.7"
"michelin_3936","tripadvisor_51987","0.7466666666666668"
"michelin_1083","tripadvisor_77593","0.7054545454545456"
"michelin_3883","tripadvisor_77515","0.78"
"michelin_1081","tripadvisor_77590","0.7107692307692308"
"michelin_2775","tripadvisor_88359","0.96"
"michelin_1101","tripadvisor_70378","0.9999999999999999"
"michelin_1096","tripadvisor_79991","0.7"
"michelin_5143","tripadvisor_55546","0.7266666666666668"
"michelin_5144","tripadvisor_59014","0.7446153846153847"
"michelin_5143","tripadvisor_59014","0.76"
"michelin_4676","tripadvisor_94101","0.7171052631578947"
"michelin_3936","tripadvisor_51980","0.7741176470588236"
"michelin_221","tripadvisor_77924","0.7060869565217391"
"michelin_111","tripadvisor_91069","0.749090909090909"
"michelin_4171","tripadvisor_73803","0.7"
"michelin_4676","tripadvisor_96535","0.825"
"michelin_3829","tripadvisor_70239","0.9999999999999999"
"michelin_175","tripadvisor_850","0.7561904761904762"
"michelin_1505","tripadvisor_72190","0.7266666666666668"
"michelin_1068","tripadvisor_77591","0.7466666666666668"
"michelin_3471","tripadvisor_357","0.9571428571428571"
"michelin_4196","tripadvisor_78794","0.7107692307692308"
"michelin_5141","tripadvisor_57948","0.73"
"michelin_3954","tripadvisor_51980","0.7329411764705882"
"michelin_4676","tripadvisor_94168","0.75"
"michelin_3828","tripadvisor_73602","0.9999999999999999"
"michelin_4024","tripadvisor_50531","0.9999999999999999"
"michelin_3371","tripadvisor_92715","0.7050000000000001"
"michelin_774","tripadvisor_99","0.8261904761904763"
"michelin_2122","tripadvisor_33624","0.7249999999999999"
"michelin_2775","tripadvisor_91830","0.7927272727272727"
"michelin_1518","tripadvisor_71184","0.7"
"michelin_220","tripadvisor_77908","0.77"
"michelin_2772","tripadvisor_90881","0.76"
"michelin_1081","tripadvisor_74149","0.7733333333333334"
"michelin_111","tripadvisor_87901","0.8"
"michelin_1099","tripadvisor_81567","0.7"
"michelin_1049","tripadvisor_81592","0.7054545454545456"
"michelin_1496","tripadvisor_77137","0.7"
"michelin_828","tripadvisor_192","0.7561904761904762"
"michelin_4671","tripadvisor_95122","0.9999999999999999"
"michelin_4676","tripadvisor_94155","0.825"
"michelin_5143","tripadvisor_58030","0.71"
"michelin_3954","tripadvisor_50535","0.7133333333333334"
"michelin_2766","tripadvisor_90881","0.7249999999999999"
"michelin_3854","tripadvisor_77593","0.75"
"michelin_3836","tripadvisor_72660","0.7254545454545456"
"michelin_4212","tripadvisor_72343","0.8925000000000001"
"michelin_4078","tripadvisor_52048","0.7"
"michelin_5144","tripadvisor_58030","0.76"
"michelin_1081","tripadvisor_80115","0.74125"
"michelin_220","tripadvisor_79445","0.7266666666666668"
"michelin_5703","tripadvisor_87719","0.7189473684210527"
"michelin_1050","tripadvisor_80143","0.7175"
"michelin_828","tripadvisor_1284","0.741904761904762"
"michelin_4676","tripadvisor_94144","0.7416666666666667"
"michelin_1496","tripadvisor_71221","0.78"
"michelin_5152","tripadvisor_59481","0.769090909090909"
"michelin_175","tripadvisor_2070","0.7098214285714285"
"michelin_4676","tripadvisor_94164","0.7124999999999999"
"michelin_1476","tripadvisor_73663","0.7054545454545456"
"michelin_153","tripadvisor_91920","0.8083333333333332"
"michelin_1419","tripadvisor_76847","0.7266666666666668"
"michelin_5146","tripadvisor_53597","0.9999999999999999"
"michelin_1049","tripadvisor_77574","0.7054545454545456"
"michelin_3831","tripadvisor_76131","0.71"
"michelin_5152","tripadvisor_58003","0.7054545454545456"
"michelin_175","tripadvisor_459","0.7241071428571427"
"michelin_1748","tripadvisor_66542","0.8999999999999999"
"michelin_3885","tripadvisor_70743","0.7136363636363635"
"michelin_6","tripadvisor_22475","0.9666666666666666"
"michelin_1068","tripadvisor_76649","0.7066666666666668"
"michelin_2269","tripadvisor_60609","0.7266666666666668"
"michelin_1050","tripadvisor_80656","0.7254545454545456"
"michelin_4171","tripadvisor_77837","0.7054545454545456"
"michelin_4674","tripadvisor_95774","0.7"
"michelin_1144","tripadvisor_50396","0.9611111111111111"
"michelin_1081","tripadvisor_77608","0.7933333333333334"
"michelin_4169","tripadvisor_71083","0.9999999999999999"
"michelin_3836","tripadvisor_72278","0.7254545454545456"
"michelin_175","tripadvisor_2534","0.7561904761904762"
"michelin_3860","tripadvisor_81618","0.75"
"michelin_1081","tripadvisor_71719","0.74125"
"michelin_3840","tripadvisor_79135","0.96"
"michelin_1068","tripadvisor_80679","0.8049999999999999"
"michelin_713","tripadvisor_92443","0.7777777777777778"
"michelin_1223","tripadvisor_76816","0.7446153846153847"
"michelin_1081","tripadvisor_75217","0.74125"
"michelin_361","tripadvisor_94259","0.8173913043478259"
"michelin_363","tripadvisor_94258","0.9999999999999999"
"michelin_1054","tripadvisor_75687","0.7266666666666668"
"michelin_828","tripadvisor_259","0.7226890756302521"
"michelin_1455","tripadvisor_72444","0.9999999999999999"
"michelin_1054","tripadvisor_74217","0.7466666666666668"
"michelin_1081","tripadvisor_75210","0.7541176470588236"
"michelin_229","tripadvisor_74720","0.71"
"michelin_3954","tripadvisor_50394","0.7133333333333334"
"michelin_1059","tripadvisor_73271","0.7"
"michelin_4171","tripadvisor_75438","0.7107692307692308"
"michelin_5152","tripadvisor_59111","0.7266666666666668"
"michelin_1081","tripadvisor_71749","0.7933333333333334"
"michelin_1490","tripadvisor_74640","0.78"
"michelin_4078","tripadvisor_52318","0.7"
"michelin_4078","tripadvisor_51359","0.7"
"michelin_1131","tripadvisor_75528","0.7054545454545456"
"michelin_5","tripadvisor_22469","0.8999999999999999"
"michelin_828","tripadvisor_261","0.7075187969924812"
"michelin_284","tripadvisor_50381","0.9999999999999999"
"michelin_1563","tripadvisor_66396","0.8999999999999999"
"michelin_2736","tripadvisor_62642","0.76"
"michelin_3860","tripadvisor_73297","0.7150000000000001"
"michelin_3433","tripadvisor_926","0.8871428571428572"
"michelin_5141","tripadvisor_54628","0.7083333333333333"
"michelin_1512","tripadvisor_82242","0.7175"
"michelin_1081","tripadvisor_73256","0.7129411764705882"
"michelin_175","tripadvisor_1532","0.7098214285714285"
"michelin_4536","tripadvisor_66237","0.8999999999999999"
"michelin_221","tripadvisor_74703","0.7060869565217391"
"michelin_255","tripadvisor_50387","0.8133333333333334"
"michelin_5143","tripadvisor_54621","0.71"
"michelin_242","tripadvisor_50371","0.9533333333333333"
"michelin_5152","tripadvisor_53244","0.7054545454545456"
"michelin_5144","tripadvisor_54621","0.7446153846153847"
"michelin_1083","tripadvisor_76612","0.769090909090909"
"michelin_175","tripadvisor_426","0.7098214285714285"
"michelin_4169","tripadvisor_70931","0.73"
"michelin_4236","tripadvisor_52523","0.7133333333333334"
"michelin_20","tripadvisor_73454","0.8044444444444445"
"michelin_4676","tripadvisor_95308","0.7416666666666667"
"michelin_175","tripadvisor_12","0.741904761904762"
"michelin_1096","tripadvisor_70735","0.9999999999999999"
"michelin_2272","tripadvisor_56639","0.78"
"michelin_4944","tripadvisor_33069","0.7369747899159663"
"michelin_3828","tripadvisor_74659","0.72"
"michelin_1425","tripadvisor_70019","0.7"
"michelin_514","tripadvisor_89610","0.72125"
"michelin_5689","tripadvisor_61495","0.7266666666666668"
"michelin_3451","tripadvisor_2156","0.7121428571428572"
"michelin_4154","tripadvisor_72480","0.9730769230769231"
"michelin_1054","tripadvisor_80206","0.7266666666666668"
"michelin_828","tripadvisor_220","0.7098214285714285"
"michelin_4212","tripadvisor_74959","0.7"
"michelin_1038","tripadvisor_75208","0.7"
"michelin_3451","tripadvisor_2145","0.7678571428571427"
"michelin_3374","tripadvisor_22479","0.9666666666666666"
"michelin_3836","tripadvisor_70791","0.7890909090909091"
"michelin_3838","tripadvisor_76687","0.7849999999999999"
"michelin_828","tripadvisor_2788","0.7885714285714286"
"michelin_1102","tripadvisor_78931","0.8049999999999999"
"michelin_175","tripadvisor_1139","0.7785714285714286"
"michelin_4221","tripadvisor_79282","0.72"
"michelin_5705","tripadvisor_87200","0.8126315789473684"
"michelin_3948","tripadvisor_51399","0.73"
"michelin_4171","tripadvisor_70067","0.7254545454545456"
"michelin_2266","tripadvisor_56155","0.7083333333333333"
"michelin_1097","tripadvisor_75629","0.7"
"michelin_690","tripadvisor_30258","0.96"
"michelin_5705","tripadvisor_87219","0.7389473684210526"
"michelin_222","tripadvisor_76246","0.7254545454545456"
"michelin_3529","tripadvisor_338","0.9571428571428571"
"michelin_828","tripadvisor_204","0.782142857142857"
"michelin_41","tripadvisor_73434","0.7054545454545456"
"michelin_1081","tripadvisor_82194","0.7129411764705882"
"michelin_1050","tripadvisor_73699","0.7374999999999999"
"michelin_1425","tripadvisor_72864","0.7"
"michelin_1419","tripadvisor_80375","0.8049999999999999"
"michelin_41","tripadvisor_70911","0.9999999999999999"
"michelin_1068","tripadvisor_75607","0.7266666666666668"
"michelin_4171","tripadvisor_72472","0.7446153846153847"
"michelin_220","tripadvisor_71306","0.7"
"michelin_5144","tripadvisor_60189","0.7"
"michelin_672","tripadvisor_30267","0.7649999999999999"
"michelin_1505","tripadvisor_74722","0.7266666666666668"
"michelin_832","tripadvisor_1301","0.7226890756302521"
"michelin_1069","tripadvisor_73699","0.7175"
"michelin_1409","tripadvisor_80350","0.7054545454545456"
"michelin_1442","tripadvisor_70474","0.9999999999999999"
"michelin_1081","tripadvisor_78189","0.7129411764705882"
"michelin_5686","tripadvisor_60996","0.9999999999999999"
"michelin_3103","tripadvisor_20294","0.9999999999999999"
"michelin_5143","tripadvisor_60173","0.7"
"michelin_5687","tripadvisor_65408","0.7454545454545455"
"michelin_1081","tripadvisor_70719","0.7933333333333334"
"michelin_2266","tripadvisor_56132","0.7266666666666668"
"michelin_82","tripadvisor_57105","0.7"
"michelin_1081","tripadvisor_80638","0.7129411764705882"
"michelin_1057","tripadvisor_75611","0.9999999999999999"
"michelin_1521","tripadvisor_78620","0.72"
"michelin_4676","tripadvisor_94733","0.7249999999999999"
"michelin_3836","tripadvisor_80695","0.7254545454545456"
"michelin_1419","tripadvisor_81304","0.7266666666666668"
"michelin_3838","tripadvisor_70751","0.7466666666666668"
"michelin_5685","tripadvisor_60937","0.7999999999999999"
"michelin_1081","tripadvisor_72223","0.7329411764705882"
"michelin_1036","tripadvisor_79169","0.7266666666666668"
"michelin_1419","tripadvisor_81355","0.7466666666666668"
"michelin_1065","tripadvisor_75651","0.7266666666666668"
"michelin_1419","tripadvisor_81352","0.7266666666666668"
"michelin_1048","tripadvisor_73211","0.7"
"michelin_3107","tripadvisor_20275","0.9999999999999999"
"michelin_175","tripadvisor_85","0.7241071428571427"
"michelin_3860","tripadvisor_74672","0.7350000000000001"
"michelin_3861","tripadvisor_72254","0.9999999999999999"
"michelin_229","tripadvisor_70318","0.9999999999999999"
"michelin_1295","tripadvisor_52669","0.7107692307692308"
"michelin_4676","tripadvisor_95741","0.7416666666666667"
"michelin_1068","tripadvisor_79118","0.7666666666666667"
"michelin_1081","tripadvisor_82147","0.7077777777777778"
"michelin_1521","tripadvisor_75296","0.7"
"michelin_1068","tripadvisor_79111","0.7266666666666668"
"michelin_1054","tripadvisor_72275","0.7266666666666668"
"michelin_1727","tripadvisor_66106","0.8999999999999999"
"michelin_1081","tripadvisor_74660","0.74125"
"michelin_754","tripadvisor_854","0.7075187969924812"
"michelin_3860","tripadvisor_73223","0.7"
"michelin_175","tripadvisor_1596","0.741904761904762"
"michelin_5141","tripadvisor_57566","0.7849999999999999"
"michelin_1496","tripadvisor_70760","0.7175"
"michelin_1474","tripadvisor_70786","0.7849999999999999"
"michelin_1068","tripadvisor_82196","0.8244444444444445"
"michelin_1419","tripadvisor_80398","0.7266666666666668"
"michelin_1521","tripadvisor_79611","0.77"
"michelin_1081","tripadvisor_77187","0.7"
"michelin_1081","tripadvisor_77186","0.7733333333333334"
"michelin_828","tripadvisor_1780","0.7678571428571427"
"michelin_175","tripadvisor_71","0.7241071428571427"
"michelin_3106","tripadvisor_20268","0.9999999999999999"
"michelin_514","tripadvisor_88211","0.96"
"michelin_175","tripadvisor_79","0.8071428571428572"
"michelin_1054","tripadvisor_76254","0.7266666666666668"
"michelin_2743","tripadvisor_63115","0.7175"
"michelin_2115","tripadvisor_68655","0.9714285714285713"
"michelin_3369","tripadvisor_92609","0.7933333333333333"
"michelin_4211","tripadvisor_73048","0.9533333333333333"
"michelin_20","tripadvisor_69931","0.9999999999999999"
"michelin_1064","tripadvisor_71342","0.7"
"michelin_5143","tripadvisor_56205","0.76"
"michelin_2272","tripadvisor_55132","0.7849999999999999"
"michelin_4221","tripadvisor_80356","0.7"
"michelin_798","tripadvisor_343","0.9571428571428571"
"michelin_832","tripadvisor_1892","0.7226890756302521"
"michelin_5705","tripadvisor_88600","0.7266666666666668"
"michelin_1081","tripadvisor_73777","0.7129411764705882"
"michelin_832","tripadvisor_1889","0.7226890756302521"
"michelin_1521","tripadvisor_79148","0.7"
"michelin_1295","tripadvisor_50775","0.7"
"michelin_1519","tripadvisor_79136","0.8044444444444445"
"michelin_25","tripadvisor_69943","0.9999999999999999"
"michelin_4187","tripadvisor_69963","0.7333333333333333"
"michelin_1081","tripadvisor_82235","0.74125"
"michelin_5706","tripadvisor_88608","0.94"
"michelin_3864","tripadvisor_70371","0.9999999999999999"
"michelin_1069","tripadvisor_70390","0.9"
"michelin_1518","tripadvisor_78193","0.7466666666666668"
"michelin_5141","tripadvisor_54297","0.7266666666666668"
"michelin_3839","tripadvisor_70337","0.7666666666666667"
"michelin_4946","tripadvisor_33591","0.9999999999999999"
"michelin_3860","tripadvisor_82216","0.7150000000000001"
"michelin_3371","tripadvisor_92636","0.7388888888888888"
"michelin_1088","tripadvisor_72335","0.7421052631578947"
"michelin_713","tripadvisor_91869","0.9833333333333333"
"michelin_828","tripadvisor_1860","0.7417582417582418"
"michelin_3864","tripadvisor_81262","0.7466666666666668"
"michelin_3885","tripadvisor_72786","0.7499999999999999"
"michelin_1050","tripadvisor_70390","0.7175"
"michelin_1505","tripadvisor_74670","0.7466666666666668"
"michelin_175","tripadvisor_915","0.7241071428571427"
"michelin_3838","tripadvisor_78644","0.7466666666666668"
"michelin_4196","tripadvisor_70116","0.9999999999999999"
"michelin_18","tripadvisor_69929","0.9"
"michelin_3470","tripadvisor_450","0.9571428571428571"
"michelin_4184","tripadvisor_50780","0.9999999999999999"
"michelin_3860","tripadvisor_76298","0.7150000000000001"
"michelin_4169","tripadvisor_77431","0.71"
"michelin_3825","tripadvisor_70355","0.8249999999999998"
"michelin_1081","tripadvisor_71377","0.7129411764705882"
"michelin_1083","tripadvisor_71376","0.7054545454545456"
"michelin_4212","tripadvisor_78827","0.72"
"michelin_1731","tripadvisor_66082","0.8999999999999999"
"michelin_1054","tripadvisor_79659","0.7466666666666668"
"michelin_1521","tripadvisor_76648","0.75"
"michelin_1081","tripadvisor_79687","0.8300000000000001"
"michelin_1119","tripadvisor_71631","0.7175"
"michelin_3831","tripadvisor_77684","0.71"
"michelin_1046","tripadvisor_77220","0.78"
"michelin_3854","tripadvisor_71364","0.7266666666666668"
"michelin_1083","tripadvisor_71326","0.809090909090909"
"michelin_1081","tripadvisor_70375","0.7733333333333334"
"michelin_1521","tripadvisor_70760","0.7"
"michelin_3860","tripadvisor_71358","0.8400000000000001"
"michelin_5144","tripadvisor_54268","0.7466666666666668"
"michelin_5143","tripadvisor_54268","0.7666666666666667"
"michelin_1110","tripadvisor_71683","0.7"
"michelin_3451","tripadvisor_1587","0.7185714285714285"
"michelin_4171","tripadvisor_79404","0.7107692307692308"
"michelin_1103","tripadvisor_70216","0.86875"
"michelin_1496","tripadvisor_72760","0.7175"
"michelin_1078","tripadvisor_77283","0.7054545454545456"
"michelin_1054","tripadvisor_71364","0.7266666666666668"
"michelin_221","tripadvisor_70750","0.7060869565217391"
"michelin_3845","tripadvisor_71786","0.73"
"michelin_5152","tripadvisor_58557","0.7054545454545456"
"michelin_63","tripadvisor_94353","0.9999999999999999"
"michelin_3662","tripadvisor_17588","0.9999999999999999"
"michelin_3840","tripadvisor_71789","0.7466666666666668"
"michelin_1081","tripadvisor_77205","0.7466666666666668"
"michelin_4171","tripadvisor_69994","0.9999999999999999"
"michelin_3836","tripadvisor_80234","0.7254545454545456"
"michelin_2269","tripadvisor_57615","0.769090909090909"
"michelin_4196","tripadvisor_76052","0.7107692307692308"
"michelin_1068","tripadvisor_73789","0.7"
"michelin_175","tripadvisor_2101","0.7098214285714285"
"michelin_1500","tripadvisor_73688","0.7"
"michelin_3668","tripadvisor_18514","0.72"
"michelin_175","tripadvisor_1157","0.7098214285714285"
"michelin_3836","tripadvisor_77656","0.7054545454545456"
"michelin_5144","tripadvisor_59183","0.7266666666666668"
"michelin_1058","tripadvisor_72331","0.9999999999999999"
"michelin_1469","tripadvisor_81749","0.78"
"michelin_1077","tripadvisor_78205","0.7466666666666668"
"michelin_5143","tripadvisor_53289","0.71"
"michelin_175","tripadvisor_1626","0.7561904761904762"
"michelin_1081","tripadvisor_70334","0.7329411764705882"
"michelin_5144","tripadvisor_59176","0.71"
"michelin_5144","tripadvisor_55698","0.7175"
"michelin_4670","tripadvisor_94257","0.9999999999999999"
"michelin_1081","tripadvisor_81212","0.7329411764705882"
"michelin_1498","tripadvisor_79658","0.8044444444444445"
"michelin_1081","tripadvisor_80267","0.7021052631578948"
"michelin_2772","tripadvisor_88249","0.76"
"michelin_4674","tripadvisor_94259","0.965"
"michelin_5143","tripadvisor_55698","0.7175"
"michelin_4676","tripadvisor_94276","0.7124999999999999"
"michelin_1425","tripadvisor_78272","0.7054545454545456"
"michelin_3451","tripadvisor_498","0.782142857142857"
"michelin_4171","tripadvisor_80474","0.7"
"michelin_3954","tripadvisor_50417","0.7933333333333334"
"michelin_235","tripadvisor_70238","0.9146341463414634"
"michelin_1066","tripadvisor_70300","0.78"
"michelin_1069","tripadvisor_70301","0.7175"
"michelin_1068","tripadvisor_80230","0.7"
"michelin_2268","tripadvisor_53269","0.8833333333333334"
"michelin_828","tripadvisor_1806","0.7561904761904762"
"michelin_4221","tripadvisor_77331","0.7"
"michelin_1101","tripadvisor_70255","0.7374999999999999"
"michelin_1419","tripadvisor_80731","0.7466666666666668"
"michelin_361","tripadvisor_95774","0.7565217391304347"
"michelin_3860","tripadvisor_70308","0.72"
"michelin_3369","tripadvisor_93618","0.7233333333333333"
"michelin_3845","tripadvisor_73774","0.7"
"michelin_1081","tripadvisor_70350","0.7329411764705882"
"michelin_1083","tripadvisor_76247","0.7254545454545456"
"michelin_5150","tripadvisor_53661","0.9999999999999999"
"michelin_1282","tripadvisor_74986","0.7"
"michelin_3854","tripadvisor_80242","0.7083333333333333"
"michelin_1092","tripadvisor_70346","0.7646153846153847"
"michelin_4162","tripadvisor_69994","0.7254545454545456"
"michelin_5144","tripadvisor_58192","0.7175"
"michelin_3836","tripadvisor_73771","0.7054545454545456"
"michelin_2766","tripadvisor_88249","0.7249999999999999"
"michelin_1096","tripadvisor_81234","0.7"
"michelin_1979","tripadvisor_94919","0.8833333333333334"
"michelin_1295","tripadvisor_50713","0.7254545454545456"
"michelin_1063","tripadvisor_71301","0.7"
"michelin_4212","tripadvisor_71025","0.7266666666666668"
"michelin_1077","tripadvisor_70349","0.9999999999999999"
"michelin_1067","tripadvisor_71307","0.7077777777777778"
"michelin_1081","tripadvisor_74298","0.81"
"michelin_3649","tripadvisor_18959","0.86"
"michelin_1521","tripadvisor_80614","0.7254545454545456"
"michelin_397","tripadvisor_33486","0.7238095238095239"
"michelin_1054","tripadvisor_75271","0.7107692307692308"
"michelin_1066","tripadvisor_70346","0.9199999999999998"
"michelin_3831","tripadvisor_81264","0.71"
"michelin_832","tripadvisor_2380","0.8071428571428572"
"michelin_3828","tripadvisor_78689","0.7"
"michelin_1476","tripadvisor_82234","0.7254545454545456"
"michelin_2264","tripadvisor_60629","0.73"
"michelin_4078","tripadvisor_50860","0.7175"
"michelin_1045","tripadvisor_70355","0.9999999999999999"
"michelin_1081","tripadvisor_75256","0.7466666666666668"
"michelin_3860","tripadvisor_72769","0.7"
"michelin_4212","tripadvisor_73426","0.7175"
"michelin_1038","tripadvisor_70356","0.9999999999999999"
"michelin_4169","tripadvisor_72522","0.73"
"michelin_3860","tripadvisor_70347","0.7350000000000001"
"michelin_1092","tripadvisor_70300","0.7487179487179486"
"michelin_3936","tripadvisor_50417","0.9999999999999999"
"michelin_41","tripadvisor_71565","0.7254545454545456"
"michelin_1419","tripadvisor_80751","0.7666666666666667"
"michelin_1496","tripadvisor_73773","0.7175"
"michelin_3948","tripadvisor_50402","0.9999999999999999"
"michelin_4171","tripadvisor_72500","0.7107692307692308"
"michelin_1021","tripadvisor_50515","0.9999999999999999"
"michelin_1419","tripadvisor_78292","0.7466666666666668"
"michelin_832","tripadvisor_2362","0.7428571428571428"
"michelin_4196","tripadvisor_76475","0.8184615384615384"
"michelin_1081","tripadvisor_75251","0.7933333333333334"
"michelin_1081","tripadvisor_72723","0.7077777777777778"
"michelin_1063","tripadvisor_70326","0.9999999999999999"
"michelin_1038","tripadvisor_73392","0.7129411764705882"
"michelin_415","tripadvisor_54369","0.7"
"michelin_3836","tripadvisor_75783","0.7054545454545456"
"michelin_3854","tripadvisor_70861","0.7054545454545456"
"michelin_4187","tripadvisor_79007","0.7"
"michelin_1278","tripadvisor_50384","0.9999999999999999"
"michelin_2772","tripadvisor_87967","0.7333333333333334"
"michelin_5705","tripadvisor_87169","0.8645454545454545"
"michelin_5146","tripadvisor_54795","0.7"
"michelin_3860","tripadvisor_73379","0.7"
"michelin_1081","tripadvisor_70895","0.7077777777777778"
"michelin_1088","tripadvisor_75316","0.7541176470588236"
"michelin_1049","tripadvisor_74328","0.7052631578947368"
"michelin_1419","tripadvisor_81283","0.7466666666666668"
"michelin_1974","tripadvisor_97153","0.7083333333333333"
"michelin_1081","tripadvisor_71845","0.76125"
"michelin_5143","tripadvisor_55725","0.7"
"michelin_1088","tripadvisor_80333","0.8244444444444445"
"michelin_3368","tripadvisor_22761","0.9666666666666666"
"michelin_1131","tripadvisor_71065","0.7849999999999999"
"michelin_1054","tripadvisor_71829","0.7307692307692307"
"michelin_1054","tripadvisor_81751","0.7266666666666668"
"michelin_832","tripadvisor_388","0.7238095238095239"
"michelin_4169","tripadvisor_71194","0.7"
"michelin_333","tripadvisor_66140","0.8999999999999999"
"michelin_5152","tripadvisor_54316","0.769090909090909"
"michelin_1081","tripadvisor_81799","0.81"
"michelin_4676","tripadvisor_95895","0.7249999999999999"
"michelin_5144","tripadvisor_54767","0.7"
"michelin_703","tripadvisor_92781","0.717948717948718"
"michelin_1081","tripadvisor_72812","0.7"
"michelin_1295","tripadvisor_52340","0.77"
"michelin_145","tripadvisor_23320","0.7191176470588235"
"michelin_1088","tripadvisor_77706","0.7655555555555555"
"michelin_3836","tripadvisor_72376","0.7054545454545456"
"michelin_4221","tripadvisor_75634","0.7"
"michelin_3526","tripadvisor_233","0.9571428571428571"
"michelin_1068","tripadvisor_80330","0.7083333333333333"
"michelin_922","tripadvisor_17720","0.9999999999999999"
"michelin_1425","tripadvisor_82256","0.7"
"michelin_3854","tripadvisor_71853","0.7054545454545456"
"michelin_5141","tripadvisor_54751","0.7083333333333333"
"michelin_4943","tripadvisor_33806","0.7095238095238096"
"michelin_4153","tripadvisor_77061","0.7175"
"michelin_4674","tripadvisor_94477","0.7522727272727272"
"michelin_1069","tripadvisor_75350","0.7"
"michelin_1295","tripadvisor_52350","0.7466666666666668"
"michelin_4149","tripadvisor_77036","0.7466666666666668"
"michelin_1232","tripadvisor_50397","0.9999999999999999"
"michelin_1081","tripadvisor_70858","0.7933333333333334"
"michelin_3371","tripadvisor_92192","0.7000000000000001"
"michelin_1079","tripadvisor_70891","0.7266666666666668"
"michelin_4171","tripadvisor_73199","0.7466666666666668"
"michelin_828","tripadvisor_341","0.7785714285714286"
"michelin_1081","tripadvisor_76775","0.7221052631578948"
"michelin_1055","tripadvisor_81792","0.7646153846153847"
"michelin_4169","tripadvisor_81917","0.73"
"michelin_1088","tripadvisor_73399","0.7129411764705882"
"michelin_2745","tripadvisor_65259","0.7"
"michelin_674","tripadvisor_22482","0.9666666666666666"
"michelin_1069","tripadvisor_70898","0.8049999999999999"
"michelin_681","tripadvisor_22483","0.9666666666666666"
"michelin_1048","tripadvisor_77756","0.7266666666666668"
"michelin_1419","tripadvisor_73789","0.7466666666666668"
"michelin_1050","tripadvisor_70405","0.77"
"michelin_1068","tripadvisor_78277","0.7849999999999999"
"michelin_1295","tripadvisor_51791","0.73"
"michelin_3487","tripadvisor_632","0.7095238095238096"
"michelin_1419","tripadvisor_80230","0.7466666666666668"
"michelin_175","tripadvisor_147","0.7561904761904762"
"michelin_3835","tripadvisor_70400","0.7"
"michelin_3860","tripadvisor_80705","0.755"
"michelin_41","tripadvisor_81084","0.7266666666666668"
"michelin_229","tripadvisor_77322","0.7"
"michelin_1081","tripadvisor_79232","0.74125"
"michelin_1102","tripadvisor_71958","0.7"
"michelin_5687","tripadvisor_60834","0.9999999999999999"
"michelin_1102","tripadvisor_77842","0.7266666666666668"
"michelin_1474","tripadvisor_81731","0.7"
"michelin_175","tripadvisor_150","0.7241071428571427"
"michelin_5143","tripadvisor_59641","0.7466666666666668"
"michelin_4212","tripadvisor_75139","0.7"
"michelin_4171","tripadvisor_78003","0.7054545454545456"
"michelin_5144","tripadvisor_58694","0.78"
"michelin_4169","tripadvisor_74109","0.71"
"michelin_1081","tripadvisor_73372","0.7077777777777778"
"michelin_5143","tripadvisor_57219","0.7052631578947368"
"michelin_1474","tripadvisor_71830","0.8049999999999999"
"michelin_1423","tripadvisor_72705","0.7175"
"michelin_3854","tripadvisor_80730","0.75"
"michelin_5144","tripadvisor_53742","0.9461538461538462"
"michelin_1232","tripadvisor_52305","0.73"
"michelin_5143","tripadvisor_56264","0.78"
"michelin_1050","tripadvisor_78272","0.7054545454545456"
"michelin_3537","tripadvisor_696","0.782142857142857"
"michelin_1101","tripadvisor_70983","0.7266666666666668"
"michelin_1974","tripadvisor_94693","0.7083333333333333"
"michelin_3954","tripadvisor_52232","0.7"
"michelin_832","tripadvisor_2890","0.7428571428571428"
"michelin_4169","tripadvisor_75583","0.73"
"michelin_4212","tripadvisor_70691","0.7"
"michelin_5152","tripadvisor_52838","0.9363636363636364"
"michelin_3860","tripadvisor_76703","0.7350000000000001"
"michelin_20","tripadvisor_72198","0.7466666666666668"
"michelin_2735","tripadvisor_60777","0.9999999999999999"
"michelin_197","tripadvisor_18372","0.8666666666666667"
"michelin_3860","tripadvisor_70809","0.7"
"michelin_1068","tripadvisor_79254","0.75"
"michelin_5154","tripadvisor_52844","0.9999999999999999"
"michelin_3883","tripadvisor_76737","0.78"
"michelin_175","tripadvisor_1237","0.7098214285714285"
"michelin_4230","tripadvisor_74248","0.7"
"michelin_225","tripadvisor_78758","0.71"
"michelin_4676","tripadvisor_94403","0.7249999999999999"
"michelin_5143","tripadvisor_59602","0.71"
"michelin_5144","tripadvisor_59602","0.7446153846153847"
"michelin_713","tripadvisor_93389","0.7233333333333333"
"michelin_5152","tripadvisor_57785","0.7254545454545456"
"michelin_1419","tripadvisor_81204","0.7266666666666668"
"michelin_1409","tripadvisor_77696","0.7054545454545456"
"michelin_3850","tripadvisor_70840","0.7374999999999999"
"michelin_1505","tripadvisor_76395","0.7083333333333333"
"michelin_1081","tripadvisor_70802","0.7077777777777778"
"michelin_3860","tripadvisor_73358","0.7666666666666667"
"michelin_5140","tripadvisor_57693","0.7469565217391305"
"michelin_1054","tripadvisor_80765","0.7"
"michelin_82","tripadvisor_52766","0.9999999999999999"
"michelin_2270","tripadvisor_56339","0.7175"
"michelin_4212","tripadvisor_74156","0.7999999999999999"
"michelin_4265","tripadvisor_66700","0.8"
"michelin_2269","tripadvisor_55273","0.7446153846153847"
"michelin_4674","tripadvisor_96800","0.7649999999999999"
"michelin_223","tripadvisor_70423","0.9999999999999999"
"michelin_4171","tripadvisor_78038","0.7"
"michelin_3860","tripadvisor_73363","0.7466666666666668"
"michelin_1064","tripadvisor_71473","0.9"
"michelin_1081","tripadvisor_78341","0.76125"
"michelin_703","tripadvisor_91833","0.8628205128205129"
"michelin_2266","tripadvisor_55392","0.7646153846153847"
"michelin_1068","tripadvisor_74840","0.7"
"michelin_5143","tripadvisor_52860","0.7129411764705882"
"michelin_3864","tripadvisor_81382","0.7266666666666668"
"michelin_4169","tripadvisor_70211","0.7175"
"michelin_3830","tripadvisor_70472","0.9999999999999999"
"michelin_1068","tripadvisor_77363","0.8600000000000001"
"michelin_5144","tripadvisor_52858","0.78"
"michelin_5143","tripadvisor_52858","0.78"
"michelin_1512","tripadvisor_70857","0.9999999999999999"
"michelin_5143","tripadvisor_52850","0.7266666666666668"
"michelin_2269","tripadvisor_56320","0.7054545454545456"
"michelin_221","tripadvisor_76785","0.7175"
"michelin_2742","tripadvisor_60712","0.9999999999999999"
"michelin_3831","tripadvisor_73830","0.73"
"michelin_3860","tripadvisor_72418","0.7"
"michelin_1977","tripadvisor_94107","0.9999999999999999"
"michelin_1081","tripadvisor_72465","0.76125"
"michelin_1049","tripadvisor_70000","0.9999999999999999"
"michelin_4169","tripadvisor_78502","0.73"
"michelin_1068","tripadvisor_81386","0.8725"
"michelin_1425","tripadvisor_79136","0.7"
"michelin_514","tripadvisor_87983","0.72125"
"michelin_1081","tripadvisor_70039","0.7933333333333334"
"michelin_1041","tripadvisor_72413","0.9999999999999999"
"michelin_1081","tripadvisor_74877","0.7077777777777778"
"michelin_222","tripadvisor_76793","0.7254545454545456"
"michelin_2742","tripadvisor_63236","0.7266666666666668"
"michelin_1054","tripadvisor_72423","0.7"
"michelin_3836","tripadvisor_78767","0.7254545454545456"
"michelin_2734","tripadvisor_60709","0.98"
"michelin_1975","tripadvisor_95594","0.72"
"michelin_1072","tripadvisor_79769","0.7446153846153847"
"michelin_3838","tripadvisor_73820","0.7083333333333333"
"michelin_1050","tripadvisor_70019","0.9999999999999999"
"michelin_798","tripadvisor_1371","0.7025974025974027"
"michelin_41","tripadvisor_70273","0.7054545454545456"
"michelin_3826","tripadvisor_75354","0.7446153846153847"
"michelin_222","tripadvisor_76765","0.7054545454545456"
"michelin_1049","tripadvisor_80805","0.7054545454545456"
"michelin_175","tripadvisor_182","0.741904761904762"
"michelin_1295","tripadvisor_50416","0.72"
"michelin_221","tripadvisor_71821","0.7269565217391305"
"michelin_5152","tripadvisor_57207","0.7254545454545456"
"michelin_1081","tripadvisor_82334","0.7129411764705882"
"michelin_3840","tripadvisor_70433","0.9999999999999999"
"michelin_1068","tripadvisor_78357","0.8244444444444445"
"michelin_2276","tripadvisor_53747","0.9999999999999999"
"michelin_828","tripadvisor_2096","0.7098214285714285"
"michelin_3826","tripadvisor_77783","0.7733333333333334"
"michelin_1083","tripadvisor_76396","0.7054545454545456"
"michelin_2269","tripadvisor_60322","0.7254545454545456"
"michelin_1050","tripadvisor_80814","0.7254545454545456"
"michelin_5708","tripadvisor_90114","0.96"
"michelin_1079","tripadvisor_74853","0.7"
"michelin_4169","tripadvisor_70678","0.73"
"michelin_2264","tripadvisor_60311","0.96"
"michelin_5141","tripadvisor_55329","0.7266666666666668"
"michelin_5141","tripadvisor_55328","0.7266666666666668"
"michelin_1088","tripadvisor_78314","0.7129411764705882"
"michelin_1419","tripadvisor_81647","0.7466666666666668"
"michelin_4221","tripadvisor_76234","0.7"
"michelin_4153","tripadvisor_77515","0.7374999999999999"
"michelin_5711","tripadvisor_88988","0.8044444444444445"
"michelin_1295","tripadvisor_50444","0.9999999999999999"
"michelin_1081","tripadvisor_73880","0.74125"
"michelin_1069","tripadvisor_70019","0.7175"
"michelin_3367","tripadvisor_91975","0.75"
"michelin_1068","tripadvisor_75804","0.7"
"michelin_2269","tripadvisor_56781","0.7"
"michelin_4123","tripadvisor_51806","0.7"
"michelin_4236","tripadvisor_52054","0.7466666666666668"
"michelin_1419","tripadvisor_81659","0.7466666666666668"
"michelin_4230","tripadvisor_70364","0.7"
"michelin_4676","tripadvisor_94393","0.7124999999999999"
"michelin_2808","tripadvisor_2991","0.9999999999999999"
"michelin_1036","tripadvisor_75827","0.7466666666666668"
"michelin_5143","tripadvisor_55300","0.7077777777777778"
"michelin_1068","tripadvisor_80375","0.7266666666666668"
"michelin_417","tripadvisor_52749","0.9999999999999999"
"michelin_3371","tripadvisor_91974","0.7441176470588236"
"michelin_1081","tripadvisor_71413","0.8723076923076925"
"michelin_1054","tripadvisor_80343","0.7466666666666668"
"michelin_754","tripadvisor_251","0.9571428571428571"
"michelin_757","tripadvisor_262","0.9571428571428571"
"michelin_1081","tripadvisor_72877","0.7077777777777778"
"michelin_3885","tripadvisor_78758","0.76"
"michelin_3836","tripadvisor_70036","0.769090909090909"
"michelin_221","tripadvisor_75789","0.726086956521739"
"michelin_1521","tripadvisor_72356","0.9999999999999999"
"michelin_3890","tripadvisor_70450","0.7666666666666667"
"michelin_320","tripadvisor_66061","0.8999999999999999"
"michelin_5141","tripadvisor_54340","0.7466666666666668"
"michelin_1081","tripadvisor_71402","0.7933333333333334"
"michelin_3845","tripadvisor_70010","0.7"
"michelin_145","tripadvisor_22486","0.7602941176470587"
"michelin_1068","tripadvisor_81304","0.72"
"michelin_3830","tripadvisor_72448","0.8049999999999999"
"michelin_1068","tripadvisor_78739","0.7"
"michelin_238","tripadvisor_80072","0.94"
"michelin_20","tripadvisor_72694","0.7374999999999999"
"michelin_5152","tripadvisor_54742","0.769090909090909"
"michelin_1046","tripadvisor_75390","0.9999999999999999"
"michelin_4943","tripadvisor_34856","0.7428571428571428"
"michelin_4676","tripadvisor_94367","0.7749999999999999"
"michelin_414","tripadvisor_52768","0.9631578947368421"
"michelin_1050","tripadvisor_72864","0.77"
"michelin_1049","tripadvisor_75377","0.7466666666666668"
"michelin_2269","tripadvisor_54329","0.7890909090909091"
"michelin_3832","tripadvisor_70014","0.9999999999999999"
"michelin_1099","tripadvisor_79747","0.7"
"michelin_5144","tripadvisor_54324","0.78"
"michelin_1081","tripadvisor_76319","0.7329411764705882"
"michelin_3831","tripadvisor_70001","0.9999999999999999"
"michelin_4026","tripadvisor_50789","0.9416666666666665"
"michelin_4123","tripadvisor_50446","0.9999999999999999"
"michelin_3828","tripadvisor_77336","0.7"
"michelin_1081","tripadvisor_80351","0.74125"
"michelin_1081","tripadvisor_77789","0.8300000000000001"
"michelin_1081","tripadvisor_77780","0.7129411764705882"
"michelin_1068","tripadvisor_81352","0.7"
"michelin_1065","tripadvisor_73849","0.9999999999999999"
"michelin_1050","tripadvisor_73835","0.7"
"michelin_111","tripadvisor_90721","0.78"
"michelin_1521","tripadvisor_81702","0.7107692307692308"
"michelin_514","tripadvisor_88983","0.7046153846153846"
"michelin_361","tripadvisor_94477","0.7315217391304347"
"michelin_3860","tripadvisor_82304","0.7"
"michelin_20","tripadvisor_76121","0.7"
"michelin_5144","tripadvisor_59243","0.73"
"michelin_4169","tripadvisor_80165","0.7"
"michelin_1068","tripadvisor_80398","0.7466666666666668"
"michelin_4676","tripadvisor_96304","0.7883333333333333"
"michelin_229","tripadvisor_72345","0.71"
"michelin_3831","tripadvisor_77349","0.94"
"michelin_3860","tripadvisor_70490","0.755"
"michelin_3860","tripadvisor_76386","0.7772727272727272"
"michelin_5712","tripadvisor_87956","0.9295652173913045"
"michelin_1232","tripadvisor_51893","0.7144827586206897"
"michelin_1083","tripadvisor_75377","0.7466666666666668"
"michelin_1088","tripadvisor_75378","0.8152941176470587"
"michelin_1081","tripadvisor_76323","0.7933333333333334"
"michelin_3948","tripadvisor_50799","0.7466666666666668"
"michelin_3861","tripadvisor_70481","0.75"
"michelin_4169","tripadvisor_70243","0.76"
"michelin_2124","tripadvisor_33729","0.782142857142857"
"michelin_2272","tripadvisor_59364","0.7"
"michelin_5727","tripadvisor_3051","0.8666666666666668"
"michelin_1055","tripadvisor_75408","0.7054545454545456"
"michelin_5141","tripadvisor_53458","0.8433333333333335"
"michelin_1496","tripadvisor_80860","0.8600000000000001"
"michelin_222","tripadvisor_70170","0.9999999999999999"
"michelin_5144","tripadvisor_54400","0.73"
"michelin_2272","tripadvisor_56845","0.7175"
"michelin_1223","tripadvisor_74648","0.7446153846153847"
"michelin_1068","tripadvisor_80413","0.7266666666666668"
"michelin_1443","tripadvisor_71233","0.7"
"michelin_1419","tripadvisor_81142","0.7266666666666668"
"michelin_4221","tripadvisor_76082","0.7266666666666668"
"michelin_1081","tripadvisor_72925","0.7849999999999999"
"michelin_5728","tripadvisor_2939","0.9999999999999999"
"michelin_3522","tripadvisor_123","0.9571428571428571"
"michelin_3854","tripadvisor_75408","0.7054545454545456"
"michelin_5703","tripadvisor_86934","0.96"
"michelin_20","tripadvisor_70713","0.76"
"michelin_1502","tripadvisor_69943","0.7175"
"michelin_1098","tripadvisor_78836","0.7329411764705882"
"michelin_2811","tripadvisor_3006","0.9833333333333333"
"michelin_4253","tripadvisor_66152","0.8999999999999999"
"michelin_1081","tripadvisor_81417","0.8249999999999998"
"michelin_1521","tripadvisor_78438","0.7054545454545456"
"michelin_1474","tripadvisor_70093","0.9999999999999999"
"michelin_1063","tripadvisor_71947","0.7"
"michelin_7","tripadvisor_92050","0.8125"
"michelin_1090","tripadvisor_77890","0.7083333333333333"
"michelin_1054","tripadvisor_72900","0.7266666666666668"
"michelin_2766","tripadvisor_86878","0.94"
"michelin_1051","tripadvisor_75429","0.7175"
"michelin_3861","tripadvisor_76894","0.7254545454545456"
"michelin_20","tripadvisor_73214","0.76"
"michelin_2264","tripadvisor_55846","0.98"
"michelin_4212","tripadvisor_73784","0.7175"
"michelin_225","tripadvisor_70159","0.7333333333333333"
"michelin_3838","tripadvisor_71042","0.7083333333333333"
"michelin_5148","tripadvisor_59314","0.726086956521739"
"michelin_3936","tripadvisor_50587","0.7277777777777777"
"michelin_1081","tripadvisor_70529","0.7933333333333334"
"michelin_3836","tripadvisor_79357","0.7329411764705882"
"michelin_1519","tripadvisor_79413","0.7054545454545456"
"michelin_222","tripadvisor_74963","0.7054545454545456"
"michelin_1088","tripadvisor_80401","0.7757894736842106"
"michelin_175","tripadvisor_670","0.7241071428571427"
"michelin_3836","tripadvisor_70933","0.7254545454545456"
"michelin_3854","tripadvisor_71988","0.7054545454545456"
"michelin_1068","tripadvisor_78842","0.78"
"michelin_2775","tripadvisor_88820","0.9199999999999999"
"michelin_1081","tripadvisor_76875","0.74125"
"michelin_41","tripadvisor_74249","0.7266666666666668"
"michelin_182","tripadvisor_2742","0.8028571428571428"
"michelin_1088","tripadvisor_72035","0.7589473684210526"
"michelin_4674","tripadvisor_96519","0.7057692307692307"
"michelin_1054","tripadvisor_78828","0.7266666666666668"
"michelin_828","tripadvisor_96","0.7535714285714284"
"michelin_3839","tripadvisor_70086","0.7175"
"michelin_2124","tripadvisor_35247","0.7095238095238096"
"michelin_3860","tripadvisor_78829","0.7"
"michelin_5152","tripadvisor_57832","0.7466666666666668"
"michelin_3831","tripadvisor_70085","0.73"
"michelin_3954","tripadvisor_50587","0.7077777777777778"
"michelin_1048","tripadvisor_76421","0.7"
"michelin_111","tripadvisor_86791","0.96"
"michelin_3371","tripadvisor_91953","0.8999999999999999"
"michelin_1425","tripadvisor_70273","0.77"
"michelin_1469","tripadvisor_70230","0.9999999999999999"
"michelin_3826","tripadvisor_70922","0.8523076923076924"
"michelin_175","tripadvisor_666","0.7928571428571428"
"michelin_175","tripadvisor_668","0.741904761904762"
"michelin_225","tripadvisor_69960","0.9999999999999999"
"michelin_1081","tripadvisor_76897","0.74125"
"michelin_3828","tripadvisor_70099","0.7"
"michelin_832","tripadvisor_69","0.7285714285714285"
"michelin_3860","tripadvisor_74009","0.7350000000000001"
"michelin_2779","tripadvisor_86898","0.96"
"michelin_1482","tripadvisor_71082","0.9999999999999999"
"michelin_1409","tripadvisor_71223","0.7"
"michelin_1050","tripadvisor_78843","0.7175"
"michelin_1083","tripadvisor_76840","0.7890909090909091"
"michelin_4676","tripadvisor_96062","0.7"
"michelin_5152","tripadvisor_58813","0.7384615384615383"
"michelin_2277","tripadvisor_52929","0.7266666666666668"
"michelin_5141","tripadvisor_58316","0.8433333333333335"
"michelin_1081","tripadvisor_71905","0.7021052631578948"
"michelin_1073","tripadvisor_70923","0.7329411764705882"
"michelin_1038","tripadvisor_80845","0.7374999999999999"
"michelin_3836","tripadvisor_73060","0.98"
"michelin_1081","tripadvisor_70950","0.7129411764705882"
"michelin_3831","tripadvisor_77896","0.71"
"michelin_1063","tripadvisor_72499","0.7446153846153847"
"michelin_3826","tripadvisor_73032","0.7266666666666668"
"michelin_1081","tripadvisor_80876","0.7129411764705882"
"michelin_827","tripadvisor_51","0.9571428571428571"
"michelin_2272","tripadvisor_53038","0.9"
"michelin_229","tripadvisor_74902","0.73"
"michelin_415","tripadvisor_53481","0.9999999999999999"
"michelin_1097","tripadvisor_71067","0.7849999999999999"
"michelin_175","tripadvisor_255","0.7561904761904762"
"michelin_4676","tripadvisor_94988","0.9999999999999999"
"michelin_4221","tripadvisor_78931","0.7"
"michelin_828","tripadvisor_20","0.7226890756302521"
"michelin_517","tripadvisor_2948","0.9833333333333333"
"michelin_1081","tripadvisor_71922","0.7329411764705882"
"michelin_1050","tripadvisor_75879","0.7"
"michelin_5689","tripadvisor_60726","0.9999999999999999"
"michelin_832","tripadvisor_29","0.7928571428571428"
"michelin_1081","tripadvisor_73484","0.7933333333333334"
"michelin_1063","tripadvisor_80836","0.7107692307692308"
"michelin_832","tripadvisor_21","0.8071428571428572"
"michelin_1063","tripadvisor_70060","0.7107692307692308"
"michelin_3885","tripadvisor_71016","0.7"
"michelin_4212","tripadvisor_72756","0.7"
"michelin_1054","tripadvisor_70931","0.7466666666666668"
"michelin_4149","tripadvisor_74269","0.7466666666666668"
"michelin_1067","tripadvisor_70062","0.7421052631578947"
"michelin_1068","tripadvisor_72481","0.78"
"michelin_4676","tripadvisor_96048","0.7027777777777777"
"michelin_1072","tripadvisor_77803","0.7846153846153846"
"michelin_20","tripadvisor_74219","0.7"
"michelin_3358","tripadvisor_91913","0.9833333333333333"
"michelin_20","tripadvisor_79168","0.7175"
"michelin_20","tripadvisor_81627","0.76"
"michelin_1521","tripadvisor_71535","0.7"
"michelin_1036","tripadvisor_71958","0.7666666666666667"
"michelin_220","tripadvisor_78874","0.77"
"michelin_3361","tripadvisor_91911","0.7012820512820512"
"michelin_145","tripadvisor_23000","0.7602941176470587"
"michelin_828","tripadvisor_18","0.7226890756302521"
"michelin_4214","tripadvisor_76203","0.7646153846153847"
"michelin_1068","tripadvisor_74436","0.77"
"michelin_4171","tripadvisor_78152","0.7454545454545455"
"michelin_5143","tripadvisor_59730","0.7266666666666668"
"michelin_5148","tripadvisor_56367","0.7999999999999999"
"michelin_4171","tripadvisor_82195","0.7454545454545455"
"michelin_1131","tripadvisor_71809","0.7175"
"michelin_1419","tripadvisor_77591","0.7849999999999999"
"michelin_4212","tripadvisor_75262","0.7266666666666668"
"michelin_4024","tripadvisor_52569","0.7"
"michelin_1412","tripadvisor_70200","0.9999999999999999"
"michelin_1081","tripadvisor_80867","0.7933333333333334"
"michelin_2736","tripadvisor_63398","0.77"
"michelin_1081","tripadvisor_70938","0.8300000000000001"
"michelin_4196","tripadvisor_75636","0.7646153846153847"
"michelin_5143","tripadvisor_58775","0.7077777777777778"
"michelin_686","tripadvisor_22512","0.8833333333333334"
"michelin_673","tripadvisor_22530","0.9666666666666666"
"michelin_175","tripadvisor_228","0.7241071428571427"
"michelin_145","tripadvisor_22919","0.7441176470588236"
"michelin_229","tripadvisor_71503","0.73"
"michelin_4212","tripadvisor_71763","0.7"
"michelin_3826","tripadvisor_72908","0.7984615384615383"
"michelin_5140","tripadvisor_52877","0.9999999999999999"
"michelin_1068","tripadvisor_76835","0.7266666666666668"
"michelin_4676","tripadvisor_96931","0.7441176470588236"
"michelin_1050","tripadvisor_70978","0.7"
"michelin_4153","tripadvisor_75669","0.7849999999999999"
"michelin_2775","tripadvisor_89822","0.9199999999999999"
"michelin_1054","tripadvisor_69954","0.9999999999999999"
"michelin_2269","tripadvisor_54050","0.7254545454545456"
"michelin_1060","tripadvisor_69986","0.9999999999999999"
"michelin_1067","tripadvisor_69988","0.9999999999999999"
"michelin_1974","tripadvisor_94256","0.9999999999999999"
"michelin_2271","tripadvisor_52875","0.703030303030303"
"michelin_1054","tripadvisor_72522","0.7466666666666668"
"michelin_1081","tripadvisor_72573","0.7"
"michelin_5144","tripadvisor_54042","0.7"
"michelin_221","tripadvisor_77881","0.7060869565217391"
"michelin_5144","tripadvisor_52995","0.7933333333333334"
"michelin_5143","tripadvisor_56465","0.7266666666666668"
"michelin_229","tripadvisor_75483","0.76"
"michelin_2269","tripadvisor_53094","0.7646153846153847"
"michelin_4676","tripadvisor_94096","0.7"
"michelin_4675","tripadvisor_94097","0.9999999999999999"
"michelin_1054","tripadvisor_80052","0.7266666666666668"
"michelin_3860","tripadvisor_80050","0.7350000000000001"
"michelin_3836","tripadvisor_74083","0.7054545454545456"
"michelin_1419","tripadvisor_75562","0.7266666666666668"
"michelin_1049","tripadvisor_80037","0.7"
"michelin_1071","tripadvisor_81011","0.7175"
"michelin_1081","tripadvisor_75093","0.7329411764705882"
"michelin_1081","tripadvisor_79402","0.7466666666666668"
"michelin_2269","tripadvisor_53088","0.7054545454545456"
"michelin_1064","tripadvisor_76009","0.8800000000000001"
"michelin_4676","tripadvisor_94906","0.73125"
"michelin_221","tripadvisor_75449","0.7060869565217391"
"michelin_1110","tripadvisor_70417","0.9999999999999999"
"michelin_1490","tripadvisor_73925","0.75"
"michelin_1425","tripadvisor_73114","0.7"
"michelin_3860","tripadvisor_70126","0.7"
"michelin_4196","tripadvisor_70373","0.7107692307692308"
"michelin_1419","tripadvisor_73118","0.7107692307692308"
"michelin_4676","tripadvisor_96479","0.7171052631578947"
"michelin_1976","tripadvisor_94242","0.9999999999999999"
"michelin_5144","tripadvisor_52969","0.7466666666666668"
"michelin_222","tripadvisor_73034","0.7054545454545456"
"michelin_796","tripadvisor_3","0.9571428571428571"
"michelin_1074","tripadvisor_70111","0.9999999999999999"
"michelin_5143","tripadvisor_52969","0.7466666666666668"
"michelin_2269","tripadvisor_59806","0.7890909090909091"
"michelin_828","tripadvisor_1610","0.7241071428571427"
"michelin_1490","tripadvisor_73073","0.78"
"michelin_3885","tripadvisor_69960","0.73"
"michelin_5144","tripadvisor_53067","0.7"
"michelin_3813","tripadvisor_81484","0.7254545454545456"
"michelin_3838","tripadvisor_79846","0.7466666666666668"
"michelin_5144","tripadvisor_56435","0.7175"
"michelin_5688","tripadvisor_61708","0.9999999999999999"
"michelin_1362","tripadvisor_50873","0.73"
"michelin_4196","tripadvisor_74758","0.7107692307692308"
"michelin_1038","tripadvisor_73525","0.7077777777777778"
"michelin_1059","tripadvisor_80925","0.7"
"michelin_1612","tripadvisor_68305","0.8999999999999999"
"michelin_3836","tripadvisor_71524","0.7454545454545455"
"michelin_2122","tripadvisor_32372","0.7135338345864661"
"michelin_414","tripadvisor_58375","0.7052631578947368"
"michelin_2122","tripadvisor_32376","0.9999999999999999"
"michelin_1425","tripadvisor_78960","0.8400000000000001"
"michelin_5152","tripadvisor_57334","0.7890909090909091"
"michelin_1081","tripadvisor_71576","0.76125"
"michelin_1419","tripadvisor_81540","0.7266666666666668"
"michelin_2265","tripadvisor_52946","0.9999999999999999"
"michelin_1407","tripadvisor_71600","0.8833333333333334"
"michelin_17","tripadvisor_70301","0.7374999999999999"
"michelin_3831","tripadvisor_71515","0.71"
"michelin_3883","tripadvisor_71128","0.9999999999999999"
"michelin_3838","tripadvisor_74041","0.7083333333333333"
"michelin_1019","tripadvisor_70561","0.72"
"michelin_1055","tripadvisor_70169","0.9999999999999999"
"michelin_1977","tripadvisor_95223","0.7749999999999999"
"michelin_5141","tripadvisor_52930","0.73"
"michelin_832","tripadvisor_970","0.741904761904762"
"michelin_3838","tripadvisor_74031","0.73"
"michelin_1068","tripadvisor_81037","0.7"
"michelin_2737","tripadvisor_60805","0.9999999999999999"
"michelin_175","tripadvisor_2366","0.7928571428571428"
"michelin_1519","tripadvisor_74001","0.8049999999999999"
"michelin_20","tripadvisor_77647","0.7"
"michelin_5148","tripadvisor_57874","0.7133333333333334"
"michelin_1081","tripadvisor_75921","0.7849999999999999"
"michelin_1476","tripadvisor_78407","0.7052631578947368"
"michelin_1068","tripadvisor_80922","0.7"
"michelin_1475","tripadvisor_71555","0.9999999999999999"
"michelin_1081","tripadvisor_72541","0.7741176470588236"
"michelin_4171","tripadvisor_74749","0.7054545454545456"
"michelin_1050","tripadvisor_81907","0.7254545454545456"
"michelin_1055","tripadvisor_71125","0.76"
"michelin_3860","tripadvisor_76913","0.77"
"michelin_1051","tripadvisor_72594","0.7"
"michelin_3359","tripadvisor_91854","0.7033333333333334"
"michelin_4221","tripadvisor_80146","0.7"
"michelin_1039","tripadvisor_70165","0.9999999999999999"
"michelin_3836","tripadvisor_73915","0.7054545454545456"
"michelin_5141","tripadvisor_54498","0.7107692307692308"
"michelin_2269","tripadvisor_52910","0.7107692307692308"
"michelin_1068","tripadvisor_72992","0.8049999999999999"
"michelin_20","tripadvisor_71376","0.7849999999999999"
"michelin_150","tripadvisor_93384","0.7233333333333333"
"michelin_2773","tripadvisor_86933","0.94"
"michelin_5143","tripadvisor_53018","0.7"
"michelin_1068","tripadvisor_77417","0.7066666666666668"
"michelin_1081","tripadvisor_76496","0.7"
"michelin_1474","tripadvisor_70118","0.7"
"michelin_5144","tripadvisor_53018","0.7"
"michelin_152","tripadvisor_22596","0.9666666666666666"
"michelin_4943","tripadvisor_32335","0.7571428571428571"
"michelin_1033","tripadvisor_71121","0.7175"
"michelin_175","tripadvisor_779","0.7785714285714286"
"michelin_4944","tripadvisor_32336","0.7075187969924812"
"michelin_3860","tripadvisor_80482","0.7350000000000001"
"michelin_1081","tripadvisor_76479","0.7933333333333334"
"michelin_1097","tripadvisor_75011","0.9999999999999999"
"michelin_4212","tripadvisor_73239","0.7374999999999999"
"michelin_41","tripadvisor_80226","0.7266666666666668"
"michelin_832","tripadvisor_2162","0.7571428571428571"
"michelin_2269","tripadvisor_56899","0.769090909090909"
"michelin_3860","tripadvisor_72975","0.7"
"michelin_1518","tripadvisor_73422","0.7266666666666668"
"michelin_5141","tripadvisor_53000","0.7107692307692308"
"michelin_1295","tripadvisor_51904","0.7466666666666668"
"michelin_509","tripadvisor_60738","0.9999999999999999"
"michelin_1081","tripadvisor_69941","0.9999999999999999"
"michelin_1063","tripadvisor_71507","0.7107692307692308"
"michelin_222","tripadvisor_76836","0.7454545454545455"
"michelin_1081","tripadvisor_75044","0.7329411764705882"
"michelin_1081","tripadvisor_78408","0.7329411764705882"
"michelin_4184","tripadvisor_50974","0.7175"
"michelin_1081","tripadvisor_80023","0.7812499999999999"
"michelin_3858","tripadvisor_77410","0.7"
"michelin_1081","tripadvisor_74935","0.7541176470588236"
"michelin_3936","tripadvisor_50636","0.8400000000000001"
"michelin_1412","tripadvisor_71132","0.7"
"michelin_1476","tripadvisor_70124","0.9999999999999999"
"michelin_1081","tripadvisor_74085","0.74125"
"michelin_1081","tripadvisor_74084","0.8200000000000001"
"michelin_1102","tripadvisor_71442","0.7"
"michelin_1055","tripadvisor_71527","0.98"
"michelin_396","tripadvisor_32220","0.9999999999999999"
"michelin_5152","tripadvisor_54880","0.7890909090909091"
"michelin_1068","tripadvisor_81423","0.7"
"michelin_23","tripadvisor_73754","0.7466666666666668"
"michelin_4187","tripadvisor_70328","0.7999999999999999"
"michelin_1054","tripadvisor_70583","0.7466666666666668"
"michelin_222","tripadvisor_81805","0.7890909090909091"
"michelin_1054","tripadvisor_73953","0.72"
"michelin_1490","tripadvisor_80951","0.78"
"michelin_5686","tripadvisor_61786","0.8925000000000001"
"michelin_3836","tripadvisor_78449","0.7454545454545455"
"michelin_3936","tripadvisor_51652","0.72"
"michelin_2269","tripadvisor_53499","0.7890909090909091"
"michelin_3362","tripadvisor_93852","0.7333333333333333"
"michelin_1073","tripadvisor_72503","0.7466666666666668"
"michelin_2774","tripadvisor_86977","0.96"
"michelin_3860","tripadvisor_80001","0.7"
"michelin_3854","tripadvisor_70583","0.7266666666666668"
"michelin_4676","tripadvisor_96472","0.7"
"michelin_1360","tripadvisor_50445","0.9999999999999999"
"michelin_3837","tripadvisor_69977","0.8310344827586206"
"michelin_3954","tripadvisor_50636","0.8400000000000001"
"michelin_4236","tripadvisor_50418","0.9999999999999999"
"michelin_1423","tripadvisor_78056","0.8200000000000001"
"michelin_1072","tripadvisor_69940","0.8133333333333334"
"michelin_20","tripadvisor_71342","0.7999999999999999"
"michelin_4171","tripadvisor_77690","0.7"
"michelin_2272","tripadvisor_59328","0.7"
"michelin_1232","tripadvisor_51525","0.8409090909090909"
"michelin_1063","tripadvisor_77447","0.7107692307692308"
"michelin_1110","tripadvisor_70042","0.7175"
"michelin_3890","tripadvisor_77419","0.78"
"michelin_4676","tripadvisor_95495","0.7277777777777777"
"michelin_3836","tripadvisor_70110","0.7054545454545456"
"michelin_41","tripadvisor_70340","0.7254545454545456"
"michelin_1521","tripadvisor_74433","0.75"
"michelin_4024","tripadvisor_50637","0.7254545454545456"
"michelin_20","tripadvisor_81242","0.8244444444444445"
"michelin_1320","tripadvisor_50453","0.9999999999999999"
"michelin_1054","tripadvisor_69935","0.72"
"michelin_4149","tripadvisor_70386","0.9999999999999999"
"michelin_713","tripadvisor_92675","0.7000000000000001"
"michelin_1068","tripadvisor_81479","0.7"
"michelin_1039","tripadvisor_75030","0.7107692307692308"
"michelin_146","tripadvisor_22567","0.884313725490196"
"michelin_5141","tripadvisor_54412","0.7466666666666668"
"michelin_416","tripadvisor_57372","0.7054545454545456"
"michelin_1081","tripadvisor_76461","0.7466666666666668"
"michelin_220","tripadvisor_72493","0.7"
"michelin_1079","tripadvisor_69927","0.9999999999999999"
"michelin_1081","tripadvisor_80493","0.74125"
