michelin_6,tripadvisor_22475,TRUE
michelin_20,tripadvisor_69931,TRUE
michelin_25,tripadvisor_69943,TRUE
michelin_41,tripadvisor_70911,TRUE
michelin_47,tripadvisor_27473,TRUE
michelin_58,tripadvisor_35707,TRUE
michelin_60,tripadvisor_35663,TRUE
michelin_62,tripadvisor_35908,TRUE
michelin_63,tripadvisor_94353,TRUE
michelin_82,tripadvisor_52766,TRUE
michelin_111,tripadvisor_86791,TRUE
michelin_150,tripadvisor_91854,TRUE
michelin_152,tripadvisor_22596,TRUE
michelin_155,tripadvisor_91862,TRUE
michelin_222,tripadvisor_70170,TRUE
michelin_223,tripadvisor_70423,TRUE
michelin_225,tripadvisor_69960,TRUE
michelin_229,tripadvisor_70318,TRUE
michelin_4184,tripadvisor_50780,TRUE
michelin_284,tripadvisor_50381,TRUE
michelin_296,tripadvisor_11831,TRUE
michelin_327,tripadvisor_11736,TRUE
michelin_348,tripadvisor_35706,TRUE
michelin_349,tripadvisor_36279,TRUE
michelin_351,tripadvisor_39749,TRUE
michelin_353,tripadvisor_35778,TRUE
michelin_355,tripadvisor_35814,TRUE
michelin_356,tripadvisor_37298,TRUE
michelin_357,tripadvisor_36943,TRUE
michelin_362,tripadvisor_94199,TRUE
michelin_363,tripadvisor_94258,TRUE
michelin_396,tripadvisor_32220,TRUE
michelin_415,tripadvisor_53481,TRUE
michelin_417,tripadvisor_52749,TRUE
michelin_425,tripadvisor_4632,TRUE
michelin_426,tripadvisor_4752,TRUE
michelin_427,tripadvisor_4891,TRUE
michelin_509,tripadvisor_60738,TRUE
michelin_514,tripadvisor_88211,TRUE
michelin_517,tripadvisor_2948,TRUE
michelin_1038,tripadvisor_70356,TRUE
michelin_1039,tripadvisor_70165,TRUE
michelin_672,tripadvisor_30109,TRUE
michelin_673,tripadvisor_22530,TRUE
michelin_674,tripadvisor_22482,TRUE
michelin_679,tripadvisor_22607,TRUE
michelin_681,tripadvisor_22483,TRUE
michelin_690,tripadvisor_30258,TRUE
michelin_710,tripadvisor_91975,TRUE
michelin_713,tripadvisor_91869,TRUE
michelin_1060,tripadvisor_69986,TRUE
michelin_754,tripadvisor_251,TRUE
michelin_757,tripadvisor_262,TRUE
michelin_796,tripadvisor_3,TRUE
michelin_798,tripadvisor_343,TRUE
michelin_827,tripadvisor_51,TRUE
michelin_858,tripadvisor_17494,TRUE
michelin_864,tripadvisor_17581,TRUE
michelin_910,tripadvisor_17453,TRUE
michelin_1961,tripadvisor_35877,TRUE
michelin_922,tripadvisor_17720,TRUE
michelin_935,tripadvisor_17586,TRUE
michelin_1021,tripadvisor_50515,TRUE
michelin_1041,tripadvisor_72413,TRUE
michelin_1045,tripadvisor_70355,TRUE
michelin_1046,tripadvisor_75390,TRUE
michelin_1049,tripadvisor_70000,TRUE
michelin_1050,tripadvisor_70019,TRUE
michelin_1054,tripadvisor_69954,TRUE
michelin_1055,tripadvisor_70169,TRUE
michelin_1057,tripadvisor_75611,TRUE
michelin_1058,tripadvisor_72331,TRUE
michelin_1059,tripadvisor_70293,TRUE
michelin_1063,tripadvisor_70326,TRUE
michelin_1065,tripadvisor_73849,TRUE
michelin_1067,tripadvisor_69988,TRUE
michelin_1071,tripadvisor_70694,TRUE
michelin_1074,tripadvisor_70111,TRUE
michelin_1075,tripadvisor_70298,TRUE
michelin_1077,tripadvisor_70349,TRUE
michelin_1079,tripadvisor_69927,TRUE
michelin_1081,tripadvisor_69941,TRUE
michelin_1096,tripadvisor_70735,TRUE
michelin_1097,tripadvisor_75011,TRUE
michelin_1101,tripadvisor_70378,TRUE
michelin_1110,tripadvisor_70417,TRUE
michelin_1128,tripadvisor_71366,TRUE
michelin_1232,tripadvisor_50397,TRUE
michelin_1253,tripadvisor_50617,TRUE
michelin_1278,tripadvisor_50384,TRUE
michelin_1295,tripadvisor_50444,TRUE
michelin_1320,tripadvisor_50453,TRUE
michelin_1360,tripadvisor_50445,TRUE
michelin_1409,tripadvisor_70082,TRUE
michelin_1412,tripadvisor_70200,TRUE
michelin_1423,tripadvisor_69938,TRUE
michelin_1442,tripadvisor_70474,TRUE
michelin_1447,tripadvisor_70153,TRUE
michelin_1455,tripadvisor_72444,TRUE
michelin_1469,tripadvisor_70230,TRUE
michelin_1474,tripadvisor_70093,TRUE
michelin_1475,tripadvisor_71555,TRUE
michelin_1476,tripadvisor_70124,TRUE
michelin_1482,tripadvisor_71082,TRUE
michelin_1512,tripadvisor_70857,TRUE
michelin_1519,tripadvisor_70193,TRUE
michelin_1521,tripadvisor_72356,TRUE
michelin_1560,tripadvisor_27642,TRUE
michelin_1570,tripadvisor_27729,TRUE
michelin_1636,tripadvisor_11967,TRUE
michelin_1643,tripadvisor_13600,TRUE
michelin_1650,tripadvisor_12101,TRUE
michelin_1664,tripadvisor_13557,TRUE
michelin_1680,tripadvisor_11823,TRUE
michelin_1695,tripadvisor_12086,TRUE
michelin_1697,tripadvisor_11988,TRUE
michelin_1703,tripadvisor_27741,TRUE
michelin_1751,tripadvisor_27554,TRUE
michelin_1915,tripadvisor_35687,TRUE
michelin_1917,tripadvisor_35777,TRUE
michelin_1918,tripadvisor_35718,TRUE
michelin_1920,tripadvisor_36331,TRUE
michelin_1922,tripadvisor_35760,TRUE
michelin_1924,tripadvisor_36030,TRUE
michelin_1927,tripadvisor_35719,TRUE
michelin_1928,tripadvisor_35677,TRUE
michelin_1929,tripadvisor_36284,TRUE
michelin_1935,tripadvisor_36064,TRUE
michelin_1937,tripadvisor_36010,TRUE
michelin_1939,tripadvisor_36032,TRUE
michelin_1942,tripadvisor_36112,TRUE
michelin_1944,tripadvisor_35781,TRUE
michelin_1945,tripadvisor_37005,TRUE
michelin_1946,tripadvisor_35800,TRUE
michelin_1949,tripadvisor_35797,TRUE
michelin_1955,tripadvisor_36780,TRUE
michelin_1956,tripadvisor_36008,TRUE
michelin_1959,tripadvisor_50239,TRUE
michelin_1964,tripadvisor_37066,TRUE
michelin_1967,tripadvisor_35922,TRUE
michelin_1968,tripadvisor_36007,TRUE
michelin_1974,tripadvisor_94256,TRUE
michelin_1976,tripadvisor_94242,TRUE
michelin_1977,tripadvisor_94107,TRUE
michelin_2122,tripadvisor_32376,TRUE
michelin_2265,tripadvisor_52946,TRUE
michelin_2276,tripadvisor_53747,TRUE
michelin_2301,tripadvisor_5456,TRUE
michelin_2302,tripadvisor_4671,TRUE
michelin_2304,tripadvisor_4693,TRUE
michelin_2305,tripadvisor_5008,TRUE
michelin_2306,tripadvisor_5121,TRUE
michelin_2308,tripadvisor_5086,TRUE
michelin_2735,tripadvisor_60777,TRUE
michelin_2737,tripadvisor_60805,TRUE
michelin_2738,tripadvisor_60983,TRUE
michelin_2742,tripadvisor_60712,TRUE
michelin_2771,tripadvisor_87365,TRUE
michelin_2774,tripadvisor_86977,TRUE
michelin_2775,tripadvisor_88359,TRUE
michelin_2779,tripadvisor_86898,TRUE
michelin_2808,tripadvisor_2991,TRUE
michelin_2811,tripadvisor_3006,TRUE
michelin_3103,tripadvisor_20294,TRUE
michelin_3106,tripadvisor_20268,TRUE
michelin_3107,tripadvisor_20275,TRUE
michelin_3278,tripadvisor_31111,TRUE
michelin_3355,tripadvisor_22521,TRUE
michelin_3357,tripadvisor_30067,TRUE
michelin_3358,tripadvisor_91913,TRUE
michelin_3368,tripadvisor_22761,TRUE
michelin_3369,tripadvisor_91832,TRUE
michelin_3374,tripadvisor_22479,TRUE
michelin_3451,tripadvisor_316,TRUE
michelin_3470,tripadvisor_450,TRUE
michelin_3471,tripadvisor_357,TRUE
michelin_3522,tripadvisor_123,TRUE
michelin_3526,tripadvisor_233,TRUE
michelin_3529,tripadvisor_338,TRUE
michelin_3588,tripadvisor_18027,TRUE
michelin_3593,tripadvisor_17507,TRUE
michelin_3640,tripadvisor_17543,TRUE
michelin_3654,tripadvisor_17483,TRUE
michelin_3662,tripadvisor_17588,TRUE
michelin_3826,tripadvisor_74570,TRUE
michelin_3827,tripadvisor_71675,TRUE
michelin_3828,tripadvisor_73602,TRUE
michelin_3829,tripadvisor_70239,TRUE
michelin_3830,tripadvisor_70472,TRUE
michelin_3831,tripadvisor_70001,TRUE
michelin_3832,tripadvisor_70014,TRUE
michelin_3835,tripadvisor_70634,TRUE
michelin_3836,tripadvisor_71242,TRUE
michelin_3838,tripadvisor_70215,TRUE
michelin_3840,tripadvisor_70433,TRUE
michelin_3850,tripadvisor_71140,TRUE
michelin_3861,tripadvisor_72254,TRUE
michelin_3864,tripadvisor_70371,TRUE
michelin_3883,tripadvisor_71128,TRUE
michelin_3936,tripadvisor_50417,TRUE
michelin_3948,tripadvisor_50402,TRUE
michelin_3954,tripadvisor_50494,TRUE
michelin_4024,tripadvisor_50531,TRUE
michelin_4123,tripadvisor_50446,TRUE
michelin_4149,tripadvisor_70386,TRUE
michelin_4169,tripadvisor_71083,TRUE
michelin_4171,tripadvisor_69994,TRUE
michelin_4196,tripadvisor_70116,TRUE
michelin_4212,tripadvisor_70879,TRUE
michelin_4221,tripadvisor_76819,TRUE
michelin_4230,tripadvisor_70908,TRUE
michelin_4236,tripadvisor_50418,TRUE
michelin_4304,tripadvisor_27523,TRUE
michelin_4318,tripadvisor_27586,TRUE
michelin_4411,tripadvisor_12625,TRUE
michelin_4446,tripadvisor_11885,TRUE
michelin_4454,tripadvisor_12387,TRUE
michelin_4482,tripadvisor_27782,TRUE
michelin_4541,tripadvisor_28308,TRUE
michelin_4631,tripadvisor_36469,TRUE
michelin_4633,tripadvisor_39105,TRUE
michelin_4639,tripadvisor_35741,TRUE
michelin_4640,tripadvisor_37921,TRUE
michelin_4644,tripadvisor_35820,TRUE
michelin_4645,tripadvisor_40465,TRUE
michelin_4649,tripadvisor_35974,TRUE
michelin_4651,tripadvisor_40966,TRUE
michelin_4653,tripadvisor_36442,TRUE
michelin_4654,tripadvisor_41545,TRUE
michelin_4655,tripadvisor_36711,TRUE
michelin_4657,tripadvisor_38427,TRUE
michelin_4658,tripadvisor_36792,TRUE
michelin_4670,tripadvisor_94257,TRUE
michelin_4671,tripadvisor_95122,TRUE
michelin_4675,tripadvisor_94097,TRUE
michelin_4676,tripadvisor_94988,TRUE
michelin_4918,tripadvisor_68736,TRUE
michelin_4941,tripadvisor_33646,TRUE
michelin_4944,tripadvisor_32601,TRUE
michelin_4946,tripadvisor_33591,TRUE
michelin_5140,tripadvisor_52877,TRUE
michelin_5146,tripadvisor_53597,TRUE
michelin_5150,tripadvisor_53661,TRUE
michelin_5154,tripadvisor_52844,TRUE
michelin_5185,tripadvisor_4791,TRUE
michelin_5187,tripadvisor_5785,TRUE
michelin_5686,tripadvisor_60996,TRUE
michelin_5687,tripadvisor_60834,TRUE
michelin_5688,tripadvisor_61708,TRUE
michelin_5689,tripadvisor_60726,TRUE
michelin_5703,tripadvisor_86934,TRUE
michelin_5708,tripadvisor_90114,TRUE
michelin_5728,tripadvisor_2939,TRUE
michelin_5730,tripadvisor_82425,TRUE
michelin_20,tripadvisor_18578,FALSE
michelin_20,tripadvisor_52675,FALSE
michelin_456,tripadvisor_69943,FALSE
michelin_2477,tripadvisor_69943,FALSE
michelin_46,tripadvisor_86150,FALSE
michelin_109,tripadvisor_3086,FALSE
michelin_111,tripadvisor_16146,FALSE
michelin_111,tripadvisor_17339,FALSE
michelin_111,tripadvisor_18282,FALSE
michelin_111,tripadvisor_29354,FALSE
michelin_111,tripadvisor_49062,FALSE
michelin_111,tripadvisor_51606,FALSE
michelin_111,tripadvisor_52105,FALSE
michelin_111,tripadvisor_64947,FALSE
michelin_111,tripadvisor_81475,FALSE
michelin_132,tripadvisor_4312,FALSE
michelin_132,tripadvisor_4532,FALSE
michelin_174,tripadvisor_24617,FALSE
michelin_174,tripadvisor_62391,FALSE
michelin_174,tripadvisor_67826,FALSE
michelin_174,tripadvisor_70976,FALSE
michelin_196,tripadvisor_78497,FALSE
michelin_198,tripadvisor_87980,FALSE
michelin_201,tripadvisor_17621,FALSE
michelin_201,tripadvisor_79959,FALSE
michelin_2357,tripadvisor_17621,FALSE
michelin_2357,tripadvisor_79959,FALSE
michelin_210,tripadvisor_2342,FALSE
michelin_219,tripadvisor_824,FALSE
michelin_219,tripadvisor_3597,FALSE
michelin_219,tripadvisor_58481,FALSE
michelin_243,tripadvisor_50780,FALSE
michelin_249,tripadvisor_70224,FALSE
michelin_1244,tripadvisor_70224,FALSE
michelin_305,tripadvisor_67113,FALSE
michelin_310,tripadvisor_6349,FALSE
michelin_4294,tripadvisor_6349,FALSE
michelin_6362,tripadvisor_6349,FALSE
michelin_311,tripadvisor_18138,FALSE
michelin_311,tripadvisor_20236,FALSE
michelin_311,tripadvisor_75528,FALSE
michelin_2713,tripadvisor_66061,FALSE
michelin_325,tripadvisor_14481,FALSE
michelin_2559,tripadvisor_14481,FALSE
michelin_333,tripadvisor_1544,FALSE
michelin_785,tripadvisor_1544,FALSE
michelin_785,tripadvisor_66140,FALSE
michelin_2582,tripadvisor_1544,FALSE
michelin_2582,tripadvisor_66140,FALSE
michelin_348,tripadvisor_71618,FALSE
michelin_352,tripadvisor_5478,FALSE
michelin_352,tripadvisor_30140,FALSE
michelin_378,tripadvisor_15973,FALSE
michelin_383,tripadvisor_86202,FALSE
michelin_392,tripadvisor_84493,FALSE
michelin_392,tripadvisor_93950,FALSE
michelin_397,tripadvisor_41431,FALSE
michelin_621,tripadvisor_41431,FALSE
michelin_838,tripadvisor_41431,FALSE
michelin_409,tripadvisor_78472,FALSE
michelin_421,tripadvisor_9416,FALSE
michelin_422,tripadvisor_27147,FALSE
michelin_836,tripadvisor_27147,FALSE
michelin_427,tripadvisor_95721,FALSE
michelin_457,tripadvisor_72653,FALSE
michelin_459,tripadvisor_10359,FALSE
michelin_626,tripadvisor_10359,FALSE
michelin_483,tripadvisor_63086,FALSE
michelin_483,tripadvisor_90720,FALSE
michelin_490,tripadvisor_23829,FALSE
michelin_504,tripadvisor_87803,FALSE
michelin_504,tripadvisor_88250,FALSE
michelin_504,tripadvisor_92263,FALSE
michelin_505,tripadvisor_66631,FALSE
michelin_511,tripadvisor_22649,FALSE
michelin_511,tripadvisor_68614,FALSE
michelin_511,tripadvisor_84932,FALSE
michelin_511,tripadvisor_88700,FALSE
michelin_629,tripadvisor_22649,FALSE
michelin_629,tripadvisor_68614,FALSE
michelin_629,tripadvisor_84932,FALSE
michelin_629,tripadvisor_88700,FALSE
michelin_5081,tripadvisor_22649,FALSE
michelin_5081,tripadvisor_68614,FALSE
michelin_5081,tripadvisor_84932,FALSE
michelin_5081,tripadvisor_88700,FALSE
michelin_532,tripadvisor_75850,FALSE
michelin_581,tripadvisor_70744,FALSE
michelin_581,tripadvisor_92933,FALSE
michelin_594,tripadvisor_35911,FALSE
michelin_599,tripadvisor_37633,FALSE
michelin_599,tripadvisor_45084,FALSE
michelin_606,tripadvisor_47516,FALSE
michelin_606,tripadvisor_48977,FALSE
michelin_614,tripadvisor_80712,FALSE
michelin_619,tripadvisor_98447,FALSE
michelin_623,tripadvisor_65516,FALSE
michelin_3041,tripadvisor_65516,FALSE
michelin_637,tripadvisor_70356,FALSE
michelin_647,tripadvisor_378,FALSE
michelin_649,tripadvisor_14105,FALSE
michelin_658,tripadvisor_43280,FALSE
michelin_661,tripadvisor_70165,FALSE
michelin_2025,tripadvisor_70165,FALSE
michelin_683,tripadvisor_31777,FALSE
michelin_688,tripadvisor_53603,FALSE
michelin_712,tripadvisor_25720,FALSE
michelin_718,tripadvisor_3028,FALSE
michelin_734,tripadvisor_61035,FALSE
michelin_1088,tripadvisor_61035,FALSE
michelin_751,tripadvisor_69986,FALSE
michelin_1331,tripadvisor_69986,FALSE
michelin_1750,tripadvisor_69986,FALSE
michelin_768,tripadvisor_19576,FALSE
michelin_769,tripadvisor_72482,FALSE
michelin_772,tripadvisor_23865,FALSE
michelin_772,tripadvisor_26163,FALSE
michelin_772,tripadvisor_96342,FALSE
michelin_800,tripadvisor_45191,FALSE
michelin_800,tripadvisor_80767,FALSE
michelin_805,tripadvisor_12096,FALSE
michelin_805,tripadvisor_49554,FALSE
michelin_1595,tripadvisor_12096,FALSE
michelin_1595,tripadvisor_49554,FALSE
michelin_828,tripadvisor_50652,FALSE
michelin_828,tripadvisor_70198,FALSE
michelin_828,tripadvisor_74438,FALSE
michelin_828,tripadvisor_77590,FALSE
michelin_837,tripadvisor_31730,FALSE
michelin_860,tripadvisor_51524,FALSE
michelin_861,tripadvisor_71608,FALSE
michelin_1176,tripadvisor_71608,FALSE
michelin_1393,tripadvisor_71608,FALSE
michelin_875,tripadvisor_71317,FALSE
michelin_886,tripadvisor_5716,FALSE
michelin_888,tripadvisor_81823,FALSE
michelin_891,tripadvisor_24469,FALSE
michelin_891,tripadvisor_73533,FALSE
michelin_910,tripadvisor_20250,FALSE
michelin_910,tripadvisor_70638,FALSE
michelin_915,tripadvisor_35877,FALSE
michelin_918,tripadvisor_75223,FALSE
michelin_936,tripadvisor_68262,FALSE
michelin_1601,tripadvisor_68262,FALSE
michelin_945,tripadvisor_17599,FALSE
michelin_953,tripadvisor_7043,FALSE
michelin_989,tripadvisor_7731,FALSE
michelin_1000,tripadvisor_62644,FALSE
michelin_1008,tripadvisor_5293,FALSE
michelin_1009,tripadvisor_11183,FALSE
michelin_1024,tripadvisor_80963,FALSE
michelin_1049,tripadvisor_13994,FALSE
michelin_1068,tripadvisor_61499,FALSE
michelin_1077,tripadvisor_4234,FALSE
michelin_1079,tripadvisor_7488,FALSE
michelin_1082,tripadvisor_73149,FALSE
michelin_1086,tripadvisor_73200,FALSE
michelin_3816,tripadvisor_73200,FALSE
michelin_1097,tripadvisor_11971,FALSE
michelin_1097,tripadvisor_96014,FALSE
michelin_1100,tripadvisor_73911,FALSE
michelin_1102,tripadvisor_35791,FALSE
michelin_1105,tripadvisor_39795,FALSE
michelin_1108,tripadvisor_70286,FALSE
michelin_1108,tripadvisor_80422,FALSE
michelin_1110,tripadvisor_463,FALSE
michelin_1110,tripadvisor_66495,FALSE
michelin_1110,tripadvisor_93346,FALSE
michelin_1113,tripadvisor_70214,FALSE
michelin_1130,tripadvisor_51586,FALSE
michelin_1130,tripadvisor_72572,FALSE
michelin_1130,tripadvisor_75837,FALSE
michelin_1149,tripadvisor_78451,FALSE
michelin_1168,tripadvisor_18653,FALSE
michelin_1183,tripadvisor_71885,FALSE
michelin_1186,tripadvisor_36890,FALSE
michelin_1210,tripadvisor_76639,FALSE
michelin_1220,tripadvisor_52737,FALSE
michelin_1230,tripadvisor_13077,FALSE
michelin_1230,tripadvisor_89191,FALSE
michelin_1243,tripadvisor_79632,FALSE
michelin_1327,tripadvisor_79632,FALSE
michelin_1249,tripadvisor_71050,FALSE
michelin_1249,tripadvisor_71292,FALSE
michelin_1249,tripadvisor_76100,FALSE
michelin_1249,tripadvisor_77648,FALSE
michelin_1249,tripadvisor_81521,FALSE
michelin_1281,tripadvisor_14387,FALSE
michelin_1286,tripadvisor_11819,FALSE
michelin_1286,tripadvisor_11844,FALSE
michelin_1286,tripadvisor_36043,FALSE
michelin_1286,tripadvisor_61497,FALSE
michelin_1286,tripadvisor_94564,FALSE
michelin_1293,tripadvisor_55655,FALSE
michelin_1309,tripadvisor_17909,FALSE
michelin_1310,tripadvisor_560,FALSE
michelin_1310,tripadvisor_12499,FALSE
michelin_1310,tripadvisor_22747,FALSE
michelin_1310,tripadvisor_62474,FALSE
michelin_1310,tripadvisor_91957,FALSE
michelin_1353,tripadvisor_72679,FALSE
michelin_1357,tripadvisor_51068,FALSE
michelin_1361,tripadvisor_75354,FALSE
michelin_1364,tripadvisor_19051,FALSE
michelin_1368,tripadvisor_72282,FALSE
michelin_1376,tripadvisor_50981,FALSE
michelin_1376,tripadvisor_72007,FALSE
michelin_1407,tripadvisor_17851,FALSE
michelin_1407,tripadvisor_61604,FALSE
michelin_1407,tripadvisor_88983,FALSE
michelin_2394,tripadvisor_70200,FALSE
michelin_1416,tripadvisor_81402,FALSE
michelin_1420,tripadvisor_74930,FALSE
michelin_1420,tripadvisor_80878,FALSE
michelin_1420,tripadvisor_81411,FALSE
michelin_1436,tripadvisor_38859,FALSE
michelin_1438,tripadvisor_70090,FALSE
michelin_1449,tripadvisor_18001,FALSE
michelin_1449,tripadvisor_72764,FALSE
michelin_1449,tripadvisor_77313,FALSE
michelin_1449,tripadvisor_79941,FALSE
michelin_1449,tripadvisor_82127,FALSE
michelin_1460,tripadvisor_16865,FALSE
michelin_1467,tripadvisor_52168,FALSE
michelin_1467,tripadvisor_71097,FALSE
michelin_1467,tripadvisor_75795,FALSE
michelin_1467,tripadvisor_80174,FALSE
michelin_1467,tripadvisor_80863,FALSE
michelin_1499,tripadvisor_28471,FALSE
michelin_1499,tripadvisor_88875,FALSE
michelin_1500,tripadvisor_60709,FALSE
michelin_1503,tripadvisor_76327,FALSE
michelin_1503,tripadvisor_86673,FALSE
michelin_1503,tripadvisor_97485,FALSE
michelin_1517,tripadvisor_36559,FALSE
michelin_1517,tripadvisor_93823,FALSE
michelin_1525,tripadvisor_10493,FALSE
michelin_1542,tripadvisor_51103,FALSE
michelin_1549,tripadvisor_3278,FALSE
michelin_1549,tripadvisor_5287,FALSE
michelin_1549,tripadvisor_36000,FALSE
michelin_1549,tripadvisor_93622,FALSE
michelin_1554,tripadvisor_29378,FALSE
michelin_1629,tripadvisor_39249,FALSE
michelin_1629,tripadvisor_72423,FALSE
michelin_1652,tripadvisor_68310,FALSE
michelin_1652,tripadvisor_85390,FALSE
michelin_1656,tripadvisor_15934,FALSE
michelin_1658,tripadvisor_40961,FALSE
michelin_1663,tripadvisor_16308,FALSE
michelin_1710,tripadvisor_67843,FALSE
michelin_1710,tripadvisor_92160,FALSE
michelin_3046,tripadvisor_67843,FALSE
michelin_3046,tripadvisor_92160,FALSE
michelin_1713,tripadvisor_39074,FALSE
michelin_1713,tripadvisor_45176,FALSE
michelin_1721,tripadvisor_15584,FALSE
michelin_1975,tripadvisor_66106,FALSE
michelin_1754,tripadvisor_80709,FALSE
michelin_1762,tripadvisor_92856,FALSE
michelin_1773,tripadvisor_32486,FALSE
michelin_2263,tripadvisor_32486,FALSE
michelin_3531,tripadvisor_32486,FALSE
michelin_1776,tripadvisor_8373,FALSE
michelin_1776,tripadvisor_27238,FALSE
michelin_1776,tripadvisor_75629,FALSE
michelin_1778,tripadvisor_28922,FALSE
michelin_1783,tripadvisor_14730,FALSE
michelin_1794,tripadvisor_41669,FALSE
michelin_1799,tripadvisor_15701,FALSE
michelin_1809,tripadvisor_45697,FALSE
michelin_1809,tripadvisor_48990,FALSE
michelin_1823,tripadvisor_46546,FALSE
michelin_1828,tripadvisor_44713,FALSE
michelin_1836,tripadvisor_37418,FALSE
michelin_1836,tripadvisor_49542,FALSE
michelin_1840,tripadvisor_38693,FALSE
michelin_1840,tripadvisor_39582,FALSE
michelin_1840,tripadvisor_40509,FALSE
michelin_1853,tripadvisor_22734,FALSE
michelin_1854,tripadvisor_38783,FALSE
michelin_1854,tripadvisor_42769,FALSE
michelin_1865,tripadvisor_50625,FALSE
michelin_1866,tripadvisor_3102,FALSE
michelin_1866,tripadvisor_83639,FALSE
michelin_1876,tripadvisor_4482,FALSE
michelin_1876,tripadvisor_49239,FALSE
michelin_1876,tripadvisor_49402,FALSE
michelin_4619,tripadvisor_4482,FALSE
michelin_4619,tripadvisor_49239,FALSE
michelin_4619,tripadvisor_49402,FALSE
michelin_1886,tripadvisor_10249,FALSE
michelin_1887,tripadvisor_31690,FALSE
michelin_1890,tripadvisor_2102,FALSE
michelin_1890,tripadvisor_43413,FALSE
michelin_3205,tripadvisor_2102,FALSE
michelin_3205,tripadvisor_43413,FALSE
michelin_1894,tripadvisor_77144,FALSE
michelin_1948,tripadvisor_21713,FALSE
michelin_1959,tripadvisor_8258,FALSE
michelin_1966,tripadvisor_35766,FALSE
michelin_1966,tripadvisor_35821,FALSE
michelin_1966,tripadvisor_36166,FALSE
michelin_1980,tripadvisor_92041,FALSE
michelin_1997,tripadvisor_13983,FALSE
michelin_1997,tripadvisor_16136,FALSE
michelin_1997,tripadvisor_61794,FALSE
michelin_2001,tripadvisor_29651,FALSE
michelin_2013,tripadvisor_25463,FALSE
michelin_2013,tripadvisor_61102,FALSE
michelin_2013,tripadvisor_69133,FALSE
michelin_3077,tripadvisor_25463,FALSE
michelin_3077,tripadvisor_61102,FALSE
michelin_3077,tripadvisor_69133,FALSE
michelin_2022,tripadvisor_27636,FALSE
michelin_2031,tripadvisor_23799,FALSE
michelin_2036,tripadvisor_35761,FALSE
michelin_2055,tripadvisor_41485,FALSE
michelin_2055,tripadvisor_62123,FALSE
michelin_2055,tripadvisor_80356,FALSE
michelin_2064,tripadvisor_38349,FALSE
michelin_2067,tripadvisor_48205,FALSE
michelin_2090,tripadvisor_1329,FALSE
michelin_2105,tripadvisor_2302,FALSE
michelin_2105,tripadvisor_17464,FALSE
michelin_2112,tripadvisor_29882,FALSE
michelin_2112,tripadvisor_42892,FALSE
michelin_2112,tripadvisor_95780,FALSE
michelin_2112,tripadvisor_98587,FALSE
michelin_2116,tripadvisor_4820,FALSE
michelin_2116,tripadvisor_13235,FALSE
michelin_2116,tripadvisor_30927,FALSE
michelin_2116,tripadvisor_71197,FALSE
michelin_5148,tripadvisor_53004,TRUE
michelin_224,tripadvisor_69935,TRUE
michelin_1502,tripadvisor_71184,TRUE
michelin_265,tripadvisor_70003,TRUE
michelin_145,tripadvisor_22593,TRUE
michelin_1066,tripadvisor_80746,FALSE
michelin_510,tripadvisor_60710,TRUE
michelin_5,tripadvisor_22469,TRUE
michelin_238,tripadvisor_80072,FALSE
michelin_320,tripadvisor_66061,TRUE
michelin_333,tripadvisor_66140,TRUE
michelin_356,tripadvisor_41168,FALSE
michelin_881,tripadvisor_17652,TRUE
michelin_891,tripadvisor_18297,TRUE
michelin_894,tripadvisor_17855,TRUE
michelin_946,tripadvisor_17604,TRUE
michelin_1055,tripadvisor_71527,FALSE
michelin_1425,tripadvisor_70584,TRUE
michelin_2734,tripadvisor_60709,TRUE
michelin_1563,tripadvisor_66396,TRUE
michelin_1612,tripadvisor_68305,TRUE
michelin_1668,tripadvisor_11781,TRUE
michelin_1727,tripadvisor_66106,TRUE
michelin_1731,tripadvisor_66082,TRUE
michelin_1748,tripadvisor_66542,TRUE
michelin_1772,tripadvisor_66432,TRUE
michelin_1819,tripadvisor_24410,TRUE
michelin_2115,tripadvisor_68655,TRUE
michelin_2264,tripadvisor_55846,FALSE
michelin_2264,tripadvisor_60311,FALSE
michelin_2740,tripadvisor_61018,FALSE
michelin_2766,tripadvisor_86878,TRUE
michelin_2773,tripadvisor_86933,TRUE
michelin_2775,tripadvisor_88820,FALSE
michelin_3267,tripadvisor_70412,TRUE
michelin_3371,tripadvisor_91953,TRUE
michelin_4253,tripadvisor_66152,TRUE
michelin_4312,tripadvisor_12241,TRUE
michelin_4566,tripadvisor_24251,TRUE
michelin_6524,tripadvisor_31044,TRUE
michelin_2116,tripadvisor_74721,FALSE
michelin_2116,tripadvisor_84579,FALSE
michelin_2116,tripadvisor_96442,FALSE
michelin_2125,tripadvisor_70047,FALSE
michelin_2126,tripadvisor_4362,FALSE
michelin_2126,tripadvisor_20075,FALSE
michelin_2140,tripadvisor_9544,FALSE
michelin_2153,tripadvisor_6274,FALSE
michelin_2153,tripadvisor_59337,FALSE
michelin_2153,tripadvisor_59503,FALSE
michelin_2179,tripadvisor_64615,FALSE
michelin_2208,tripadvisor_32398,FALSE
michelin_2211,tripadvisor_57526,FALSE
michelin_2216,tripadvisor_33476,FALSE
michelin_2225,tripadvisor_2766,FALSE
michelin_2236,tripadvisor_53513,FALSE
michelin_2243,tripadvisor_29834,FALSE
michelin_2243,tripadvisor_44677,FALSE
michelin_2243,tripadvisor_95982,FALSE
michelin_2250,tripadvisor_9678,FALSE
michelin_2260,tripadvisor_57859,FALSE
michelin_2265,tripadvisor_18360,FALSE
michelin_2265,tripadvisor_30194,FALSE
michelin_2265,tripadvisor_86156,FALSE
michelin_2305,tripadvisor_51220,FALSE
michelin_2343,tripadvisor_71995,FALSE
michelin_2355,tripadvisor_17785,FALSE
michelin_2355,tripadvisor_19220,FALSE
michelin_2355,tripadvisor_50759,FALSE
michelin_2369,tripadvisor_50237,FALSE
michelin_2369,tripadvisor_73560,FALSE
michelin_2392,tripadvisor_70182,FALSE
michelin_3184,tripadvisor_70182,FALSE
michelin_2425,tripadvisor_55788,FALSE
michelin_2434,tripadvisor_90770,FALSE
michelin_2445,tripadvisor_71728,FALSE
michelin_2490,tripadvisor_91167,FALSE
michelin_2494,tripadvisor_4470,FALSE
michelin_2494,tripadvisor_27793,FALSE
michelin_2494,tripadvisor_29015,FALSE
michelin_2494,tripadvisor_91018,FALSE
michelin_2510,tripadvisor_43956,FALSE
michelin_2511,tripadvisor_87742,FALSE
michelin_2520,tripadvisor_22906,FALSE
michelin_2520,tripadvisor_63783,FALSE
michelin_2530,tripadvisor_17938,FALSE
michelin_2530,tripadvisor_81454,FALSE
michelin_2564,tripadvisor_33608,FALSE
michelin_2566,tripadvisor_86613,FALSE
michelin_2573,tripadvisor_61300,FALSE
michelin_2580,tripadvisor_65184,FALSE
michelin_2580,tripadvisor_65951,FALSE
michelin_2581,tripadvisor_63344,FALSE
michelin_2581,tripadvisor_90214,FALSE
michelin_5638,tripadvisor_63344,FALSE
michelin_5638,tripadvisor_90214,FALSE
michelin_2598,tripadvisor_1017,FALSE
michelin_2610,tripadvisor_64099,FALSE
michelin_2614,tripadvisor_89324,FALSE
michelin_2622,tripadvisor_67089,FALSE
michelin_2708,tripadvisor_67089,FALSE
michelin_2625,tripadvisor_71690,FALSE
michelin_2631,tripadvisor_13587,FALSE
michelin_2631,tripadvisor_27562,FALSE
michelin_2631,tripadvisor_61449,FALSE
michelin_2631,tripadvisor_73972,FALSE
michelin_2636,tripadvisor_12114,FALSE
michelin_2642,tripadvisor_61257,FALSE
michelin_2642,tripadvisor_64987,FALSE
michelin_2645,tripadvisor_23119,FALSE
michelin_2658,tripadvisor_4196,FALSE
michelin_2662,tripadvisor_46873,FALSE
michelin_2662,tripadvisor_64812,FALSE
michelin_5515,tripadvisor_46873,FALSE
michelin_5515,tripadvisor_64812,FALSE
michelin_2669,tripadvisor_8599,FALSE
michelin_2670,tripadvisor_11433,FALSE
michelin_2670,tripadvisor_53440,FALSE
michelin_2686,tripadvisor_45149,FALSE
michelin_2686,tripadvisor_61577,FALSE
michelin_2686,tripadvisor_71949,FALSE
michelin_2686,tripadvisor_89659,FALSE
michelin_2693,tripadvisor_64548,FALSE
michelin_2693,tripadvisor_73210,FALSE
michelin_2701,tripadvisor_14149,FALSE
michelin_2718,tripadvisor_23294,FALSE
michelin_2718,tripadvisor_43648,FALSE
michelin_2718,tripadvisor_63956,FALSE
michelin_2718,tripadvisor_64944,FALSE
michelin_2722,tripadvisor_3473,FALSE
michelin_2742,tripadvisor_80803,FALSE
michelin_2742,tripadvisor_81987,FALSE
michelin_2749,tripadvisor_15869,FALSE
michelin_2767,tripadvisor_71477,FALSE
michelin_2772,tripadvisor_10702,FALSE
michelin_2775,tripadvisor_28018,FALSE
michelin_2775,tripadvisor_63725,FALSE
michelin_2775,tripadvisor_89822,FALSE
michelin_2792,tripadvisor_92015,FALSE
michelin_2795,tripadvisor_8826,FALSE
michelin_2795,tripadvisor_33678,FALSE
michelin_2830,tripadvisor_25682,FALSE
michelin_2881,tripadvisor_10680,FALSE
michelin_2914,tripadvisor_6930,FALSE
michelin_2914,tripadvisor_50357,FALSE
michelin_2920,tripadvisor_86801,FALSE
michelin_2972,tripadvisor_78879,FALSE
michelin_3003,tripadvisor_63555,FALSE
michelin_3003,tripadvisor_67308,FALSE
michelin_3003,tripadvisor_84210,FALSE
michelin_3055,tripadvisor_19201,FALSE
michelin_3055,tripadvisor_51988,FALSE
michelin_3055,tripadvisor_52478,FALSE
michelin_3055,tripadvisor_70996,FALSE
michelin_3055,tripadvisor_73108,FALSE
michelin_3055,tripadvisor_76098,FALSE
michelin_3062,tripadvisor_43649,FALSE
michelin_3064,tripadvisor_23286,FALSE
michelin_3104,tripadvisor_11898,FALSE
michelin_3104,tripadvisor_53077,FALSE
michelin_3104,tripadvisor_57115,FALSE
michelin_3106,tripadvisor_71156,FALSE
michelin_3123,tripadvisor_12557,FALSE
michelin_3553,tripadvisor_12557,FALSE
michelin_3995,tripadvisor_12557,FALSE
michelin_4262,tripadvisor_12557,FALSE
michelin_3131,tripadvisor_67527,FALSE
michelin_3137,tripadvisor_33441,FALSE
michelin_3143,tripadvisor_54072,FALSE
michelin_3163,tripadvisor_46035,FALSE
michelin_3221,tripadvisor_91745,FALSE
michelin_3266,tripadvisor_96409,FALSE
michelin_3362,tripadvisor_42396,FALSE
michelin_3362,tripadvisor_86913,FALSE
michelin_3370,tripadvisor_22517,FALSE
michelin_3392,tripadvisor_72945,FALSE
michelin_3397,tripadvisor_43977,FALSE
michelin_3405,tripadvisor_17764,FALSE
michelin_3428,tripadvisor_93132,FALSE
michelin_3434,tripadvisor_18325,FALSE
michelin_3434,tripadvisor_89221,FALSE
michelin_3444,tripadvisor_20047,FALSE
michelin_3444,tripadvisor_77081,FALSE
michelin_3608,tripadvisor_20047,FALSE
michelin_3608,tripadvisor_77081,FALSE
michelin_3475,tripadvisor_21477,FALSE
michelin_3475,tripadvisor_36923,FALSE
michelin_3475,tripadvisor_45347,FALSE
michelin_3475,tripadvisor_61685,FALSE
michelin_3475,tripadvisor_81569,FALSE
michelin_3475,tripadvisor_85438,FALSE
michelin_4413,tripadvisor_21477,FALSE
michelin_4413,tripadvisor_36923,FALSE
michelin_4413,tripadvisor_45347,FALSE
michelin_4413,tripadvisor_61685,FALSE
michelin_4413,tripadvisor_81569,FALSE
michelin_4413,tripadvisor_85438,FALSE
michelin_4425,tripadvisor_21477,FALSE
michelin_4425,tripadvisor_36923,FALSE
michelin_4425,tripadvisor_45347,FALSE
michelin_4425,tripadvisor_61685,FALSE
michelin_4425,tripadvisor_81569,FALSE
michelin_4425,tripadvisor_85438,FALSE
michelin_3476,tripadvisor_32513,FALSE
michelin_3487,tripadvisor_85993,FALSE
michelin_3517,tripadvisor_791,FALSE
michelin_3517,tripadvisor_67056,FALSE
michelin_3520,tripadvisor_18439,FALSE
michelin_3548,tripadvisor_79907,FALSE
michelin_3548,tripadvisor_81886,FALSE
michelin_3558,tripadvisor_78302,FALSE
michelin_3563,tripadvisor_17806,FALSE
michelin_3581,tripadvisor_50428,FALSE
michelin_3581,tripadvisor_70419,FALSE
michelin_3581,tripadvisor_73460,FALSE
michelin_3587,tripadvisor_17741,FALSE
michelin_3599,tripadvisor_79798,FALSE
michelin_3599,tripadvisor_82302,FALSE
michelin_3607,tripadvisor_79911,FALSE
michelin_3611,tripadvisor_50829,FALSE
michelin_3611,tripadvisor_51040,FALSE
michelin_3611,tripadvisor_75193,FALSE
michelin_3625,tripadvisor_17956,FALSE
michelin_3629,tripadvisor_17956,FALSE
michelin_3628,tripadvisor_18018,FALSE
michelin_3631,tripadvisor_72642,FALSE
michelin_3633,tripadvisor_71399,FALSE
michelin_3634,tripadvisor_17757,FALSE
michelin_3635,tripadvisor_17642,FALSE
michelin_3637,tripadvisor_17670,FALSE
michelin_3644,tripadvisor_18983,FALSE
michelin_3652,tripadvisor_12823,FALSE
michelin_3652,tripadvisor_18501,FALSE
michelin_3658,tripadvisor_41140,FALSE
michelin_3668,tripadvisor_17674,FALSE
michelin_3672,tripadvisor_42897,FALSE
michelin_3673,tripadvisor_17814,FALSE
michelin_3684,tripadvisor_18399,FALSE
michelin_3684,tripadvisor_63027,FALSE
michelin_3684,tripadvisor_65068,FALSE
michelin_3723,tripadvisor_10672,FALSE
michelin_3733,tripadvisor_53033,FALSE
michelin_3736,tripadvisor_16704,FALSE
michelin_3744,tripadvisor_20963,FALSE
michelin_3744,tripadvisor_38682,FALSE
michelin_3744,tripadvisor_66147,FALSE
michelin_3744,tripadvisor_94665,FALSE
michelin_3756,tripadvisor_84017,FALSE
michelin_3769,tripadvisor_6637,FALSE
michelin_3780,tripadvisor_37077,FALSE
michelin_3823,tripadvisor_73155,FALSE
michelin_3823,tripadvisor_92605,FALSE
michelin_3831,tripadvisor_77349,FALSE
michelin_3904,tripadvisor_70001,FALSE
michelin_3904,tripadvisor_77349,FALSE
michelin_3925,tripadvisor_70001,FALSE
michelin_3925,tripadvisor_77349,FALSE
michelin_3836,tripadvisor_3369,FALSE
michelin_3836,tripadvisor_15194,FALSE
michelin_3836,tripadvisor_73060,FALSE
michelin_3836,tripadvisor_93879,FALSE
michelin_3839,tripadvisor_20489,FALSE
michelin_3839,tripadvisor_33968,FALSE
michelin_3840,tripadvisor_11794,FALSE
michelin_3840,tripadvisor_79135,FALSE
michelin_3840,tripadvisor_84749,FALSE
michelin_4684,tripadvisor_11794,FALSE
michelin_4684,tripadvisor_70433,FALSE
michelin_4684,tripadvisor_75168,FALSE
michelin_4684,tripadvisor_79135,FALSE
michelin_4684,tripadvisor_84749,FALSE
michelin_3846,tripadvisor_5865,FALSE
michelin_3846,tripadvisor_18415,FALSE
michelin_3846,tripadvisor_76913,FALSE
michelin_3846,tripadvisor_79056,FALSE
michelin_3846,tripadvisor_81618,FALSE
michelin_3848,tripadvisor_78101,FALSE
michelin_4245,tripadvisor_78101,FALSE
michelin_3858,tripadvisor_61511,FALSE
michelin_5660,tripadvisor_61511,FALSE
michelin_3869,tripadvisor_74025,FALSE
michelin_3872,tripadvisor_84253,FALSE
michelin_3874,tripadvisor_9195,FALSE
michelin_3874,tripadvisor_72816,FALSE
michelin_3874,tripadvisor_79475,FALSE
michelin_3874,tripadvisor_82056,FALSE
michelin_3874,tripadvisor_87458,FALSE
michelin_3916,tripadvisor_9195,FALSE
michelin_3916,tripadvisor_72816,FALSE
michelin_3916,tripadvisor_79475,FALSE
michelin_3916,tripadvisor_82056,FALSE
michelin_3916,tripadvisor_87458,FALSE
michelin_3898,tripadvisor_47659,FALSE
michelin_3924,tripadvisor_80424,FALSE
michelin_3927,tripadvisor_44486,FALSE
michelin_3937,tripadvisor_73684,FALSE
michelin_3941,tripadvisor_71701,FALSE
michelin_3950,tripadvisor_75614,FALSE
michelin_3988,tripadvisor_75829,FALSE
michelin_3996,tripadvisor_44647,FALSE
michelin_3996,tripadvisor_48414,FALSE
michelin_3996,tripadvisor_92045,FALSE
michelin_4014,tripadvisor_97096,FALSE
michelin_4017,tripadvisor_80522,FALSE
michelin_4018,tripadvisor_71233,FALSE
michelin_4022,tripadvisor_18954,FALSE
michelin_4022,tripadvisor_52648,FALSE
michelin_4028,tripadvisor_72888,FALSE
michelin_4028,tripadvisor_82640,FALSE
michelin_4028,tripadvisor_92120,FALSE
michelin_4043,tripadvisor_78706,FALSE
michelin_4045,tripadvisor_81592,FALSE
michelin_4050,tripadvisor_70818,FALSE
michelin_4060,tripadvisor_52736,FALSE
michelin_4060,tripadvisor_78361,FALSE
michelin_4060,tripadvisor_79097,FALSE
michelin_4060,tripadvisor_81754,FALSE
michelin_4062,tripadvisor_51513,FALSE
michelin_4085,tripadvisor_77974,FALSE
michelin_4086,tripadvisor_65702,FALSE
michelin_4086,tripadvisor_79638,FALSE
michelin_4090,tripadvisor_36924,FALSE
michelin_4090,tripadvisor_73004,FALSE
michelin_4122,tripadvisor_81325,FALSE
michelin_4129,tripadvisor_70095,FALSE
michelin_4141,tripadvisor_51447,FALSE
michelin_4146,tripadvisor_18319,FALSE
michelin_4146,tripadvisor_50837,FALSE
michelin_4146,tripadvisor_51961,FALSE
michelin_4146,tripadvisor_75000,FALSE
michelin_4146,tripadvisor_76081,FALSE
michelin_4146,tripadvisor_76767,FALSE
michelin_4146,tripadvisor_82106,FALSE
michelin_4163,tripadvisor_50799,FALSE
michelin_4163,tripadvisor_76403,FALSE
michelin_4219,tripadvisor_71542,FALSE
michelin_4223,tripadvisor_42837,FALSE
michelin_4223,tripadvisor_68273,FALSE
michelin_4235,tripadvisor_20050,FALSE
michelin_4235,tripadvisor_74865,FALSE
michelin_4241,tripadvisor_71205,FALSE
michelin_4249,tripadvisor_84827,FALSE
michelin_4249,tripadvisor_99045,FALSE
michelin_4263,tripadvisor_83922,FALSE
michelin_4290,tripadvisor_14977,FALSE
michelin_4346,tripadvisor_14977,FALSE
michelin_4304,tripadvisor_16420,FALSE
michelin_4332,tripadvisor_548,FALSE
michelin_4332,tripadvisor_7271,FALSE
michelin_4347,tripadvisor_97063,FALSE
michelin_4349,tripadvisor_97063,FALSE
michelin_4350,tripadvisor_97063,FALSE
michelin_4355,tripadvisor_23769,FALSE
michelin_4356,tripadvisor_15043,FALSE
michelin_4364,tripadvisor_493,FALSE
michelin_4364,tripadvisor_70678,FALSE
michelin_4364,tripadvisor_70931,FALSE
michelin_4364,tripadvisor_72522,FALSE
michelin_4364,tripadvisor_75583,FALSE
michelin_4385,tripadvisor_15186,FALSE
michelin_4411,tripadvisor_66237,FALSE
michelin_4455,tripadvisor_12625,FALSE
michelin_4455,tripadvisor_66237,FALSE
michelin_4536,tripadvisor_12625,FALSE
michelin_4536,tripadvisor_66237,FALSE
michelin_4434,tripadvisor_27700,FALSE
michelin_4447,tripadvisor_29269,FALSE
michelin_4449,tripadvisor_29589,FALSE
michelin_4454,tripadvisor_69234,FALSE
michelin_4492,tripadvisor_98371,FALSE
michelin_4558,tripadvisor_27098,FALSE
michelin_4558,tripadvisor_41353,FALSE
michelin_4558,tripadvisor_42740,FALSE
michelin_4558,tripadvisor_44266,FALSE
michelin_4558,tripadvisor_44451,FALSE
michelin_4558,tripadvisor_44797,FALSE
michelin_4558,tripadvisor_45748,FALSE
michelin_4558,tripadvisor_46463,FALSE
michelin_4558,tripadvisor_46802,FALSE
michelin_4558,tripadvisor_48148,FALSE
michelin_4564,tripadvisor_58676,FALSE
michelin_4576,tripadvisor_37751,FALSE
michelin_4576,tripadvisor_41103,FALSE
michelin_4624,tripadvisor_12429,FALSE
michelin_4626,tripadvisor_11744,FALSE
michelin_4630,tripadvisor_65827,FALSE
michelin_4645,tripadvisor_30058,FALSE
michelin_4645,tripadvisor_91852,FALSE
michelin_4663,tripadvisor_40846,FALSE
michelin_4663,tripadvisor_46611,FALSE
michelin_4665,tripadvisor_40613,FALSE
michelin_4704,tripadvisor_13345,FALSE
michelin_4739,tripadvisor_44719,FALSE
michelin_4739,tripadvisor_48468,FALSE
michelin_4761,tripadvisor_60735,FALSE
michelin_4924,tripadvisor_68817,FALSE
michelin_4930,tripadvisor_32427,FALSE
michelin_4935,tripadvisor_36466,FALSE
michelin_4937,tripadvisor_9707,FALSE
michelin_4960,tripadvisor_53121,FALSE
michelin_4972,tripadvisor_20158,FALSE
michelin_4972,tripadvisor_93067,FALSE
michelin_4982,tripadvisor_4010,FALSE
michelin_4983,tripadvisor_6315,FALSE
michelin_4983,tripadvisor_39218,FALSE
michelin_4983,tripadvisor_57548,FALSE
michelin_4987,tripadvisor_53168,FALSE
michelin_4987,tripadvisor_59576,FALSE
michelin_4996,tripadvisor_53725,FALSE
michelin_5025,tripadvisor_19476,FALSE
michelin_5025,tripadvisor_56438,FALSE