,id_x,id_y,match
0,bookuber_19467,tripadvisor_51809,True
1,bookuber_23958,tripadvisor_70302,True
2,bookuber_6386,tripadvisor_60464,False
3,bookuber_18498,tripadvisor_70918,False
4,bookuber_16720,tripadvisor_28591,True
5,bookuber_21667,tripadvisor_27537,True
6,bookuber_23669,tripadvisor_6055,True
7,bookuber_16018,tripadvisor_27845,False
8,bookuber_24236,tripadvisor_58326,True
9,bookuber_18519,tripadvisor_13900,True
10,bookuber_14847,tripadvisor_13900,True
11,bookuber_5743,tripadvisor_74049,True
12,bookuber_18239,tripadvisor_51809,True
13,bookuber_9409,tripadvisor_71813,True
14,bookuber_17213,tripadvisor_27845,False
15,bookuber_3590,tripadvisor_51438,True
16,bookuber_22486,tripadvisor_58467,True
17,bookuber_19777,tripadvisor_27600,False
18,bookuber_3609,tripadvisor_74649,False
19,bookuber_12917,tripadvisor_70739,True
20,bookuber_11975,tripadvisor_52895,False
21,bookuber_19984,tripadvisor_74875,True
22,bookuber_15937,tripadvisor_75179,True
23,bookuber_22977,tripadvisor_27537,True
24,bookuber_18250,tripadvisor_13824,True
25,bookuber_24282,tripadvisor_2952,True
26,bookuber_25208,tripadvisor_60464,False
27,bookuber_21411,tripadvisor_75179,True
28,bookuber_7827,tripadvisor_19201,False
29,bookuber_1406,tripadvisor_75300,True
30,bookuber_10380,tripadvisor_19358,False
31,bookuber_18111,tripadvisor_71166,True
32,bookuber_21565,tripadvisor_53302,True
33,bookuber_25375,tripadvisor_76659,False
34,bookuber_18857,tripadvisor_2952,True
35,bookuber_17326,tripadvisor_12196,True
36,bookuber_20136,tripadvisor_29558,True
37,bookuber_19229,tripadvisor_27633,True
38,bookuber_25531,tripadvisor_12094,True
39,bookuber_10082,tripadvisor_73309,False
40,bookuber_19501,tripadvisor_72246,True
41,bookuber_24829,tripadvisor_14661,True
42,bookuber_23938,tripadvisor_80772,False
43,bookuber_25301,tripadvisor_6055,True
44,bookuber_14892,tripadvisor_75179,True
45,bookuber_23988,tripadvisor_27581,True
46,bookuber_16097,tripadvisor_27642,True
47,bookuber_25326,tripadvisor_70500,True
48,bookuber_10082,tripadvisor_74792,False
49,bookuber_5803,tripadvisor_81642,True
50,bookuber_14880,tripadvisor_30326,True
51,bookuber_21476,tripadvisor_59168,False
52,bookuber_17908,tripadvisor_59403,False
53,bookuber_24304,tripadvisor_70326,True
54,bookuber_15267,tripadvisor_80772,False
55,bookuber_17627,tripadvisor_58326,True
56,bookuber_21476,tripadvisor_60010,True
57,bookuber_25142,tripadvisor_81973,False
58,bookuber_18371,tripadvisor_11797,True
59,bookuber_22278,tripadvisor_30220,True
60,bookuber_16694,tripadvisor_27871,True
61,bookuber_12026,tripadvisor_70686,False
62,bookuber_11731,tripadvisor_74049,True
63,bookuber_16569,tripadvisor_27581,True
64,bookuber_15341,tripadvisor_72963,True
65,bookuber_23310,tripadvisor_92796,True
66,bookuber_22597,tripadvisor_92796,True
67,bookuber_14959,tripadvisor_92796,True
68,bookuber_20805,tripadvisor_29747,True
69,bookuber_17183,tripadvisor_30326,True
70,bookuber_17811,tripadvisor_79871,False
71,bookuber_17411,tripadvisor_27871,True
72,bookuber_15743,tripadvisor_30220,True
73,bookuber_21361,tripadvisor_30109,True
74,bookuber_25087,tripadvisor_56730,True
75,bookuber_15882,tripadvisor_30261,True
76,bookuber_12026,tripadvisor_73201,True
77,bookuber_14896,tripadvisor_30220,True
78,bookuber_21526,tripadvisor_54426,True
79,bookuber_23420,tripadvisor_70918,False
80,bookuber_17595,tripadvisor_53309,True
81,bookuber_18468,tripadvisor_30261,True
82,bookuber_23276,tripadvisor_54421,True
83,bookuber_20513,tripadvisor_71166,True
84,bookuber_15247,tripadvisor_20175,False
85,bookuber_9478,tripadvisor_6444,True
86,bookuber_19934,tripadvisor_73651,False
87,bookuber_18990,tripadvisor_27485,True
88,bookuber_23238,tripadvisor_20175,False
89,bookuber_22969,tripadvisor_70918,False
90,bookuber_24307,tripadvisor_12019,True
91,bookuber_25315,tripadvisor_60010,False
92,bookuber_14821,tripadvisor_27485,True
93,bookuber_17223,tripadvisor_27485,True
94,bookuber_6552,tripadvisor_74792,False
95,bookuber_23970,tripadvisor_73062,False
96,bookuber_16962,tripadvisor_30254,True
97,bookuber_4067,tripadvisor_60464,True
98,bookuber_15149,tripadvisor_12249,True
99,bookuber_15149,tripadvisor_12297,True
100,bookuber_16232,tripadvisor_57440,False
101,bookuber_19447,tripadvisor_70808,True
102,bookuber_16285,tripadvisor_73645,False
103,bookuber_22566,tripadvisor_11913,True
104,bookuber_1044,tripadvisor_75439,True
105,bookuber_24,tripadvisor_78052,False
106,bookuber_19899,tripadvisor_73062,False
107,bookuber_15053,tripadvisor_50607,True
108,bookuber_15918,tripadvisor_59196,True
109,bookuber_21777,tripadvisor_73651,False
110,bookuber_23175,tripadvisor_59168,False
111,bookuber_12026,tripadvisor_78790,True
112,bookuber_17226,tripadvisor_27544,True
113,bookuber_22232,tripadvisor_11797,True
114,bookuber_20954,tripadvisor_74112,False
115,bookuber_23175,tripadvisor_60010,True
116,bookuber_15049,tripadvisor_28476,True
117,bookuber_17163,tripadvisor_51809,True
118,bookuber_15111,tripadvisor_56730,True
119,bookuber_23865,tripadvisor_27642,True
120,bookuber_19798,tripadvisor_79871,False
121,bookuber_6552,tripadvisor_73309,False
122,bookuber_1324,tripadvisor_57876,False
123,bookuber_18253,tripadvisor_77456,True
124,bookuber_25315,tripadvisor_59168,True
125,bookuber_16190,tripadvisor_14661,True
126,bookuber_15712,tripadvisor_28591,True
127,bookuber_396,tripadvisor_56164,True
128,bookuber_396,tripadvisor_56165,True
129,bookuber_24840,tripadvisor_59168,True
130,bookuber_21627,tripadvisor_27919,True
131,bookuber_24840,tripadvisor_60010,False
132,bookuber_25365,tripadvisor_50607,True
133,bookuber_21354,tripadvisor_28479,True
134,bookuber_14276,tripadvisor_53710,False
135,bookuber_20006,tripadvisor_28476,True
136,bookuber_1324,tripadvisor_56064,True
137,bookuber_6869,tripadvisor_106,True
138,bookuber_9242,tripadvisor_111,True
139,bookuber_2214,tripadvisor_567,True
140,bookuber_8797,tripadvisor_570,True
141,bookuber_24996,tripadvisor_1054,True
142,bookuber_4322,tripadvisor_1558,True
143,bookuber_4974,tripadvisor_1697,True
144,bookuber_20176,tripadvisor_4691,True
145,bookuber_24212,tripadvisor_4691,True
146,bookuber_16532,tripadvisor_4699,True
147,bookuber_24457,tripadvisor_4699,True
148,bookuber_19892,tripadvisor_4793,True
149,bookuber_20002,tripadvisor_4907,True
150,bookuber_16075,tripadvisor_4933,True
151,bookuber_15735,tripadvisor_4964,True
152,bookuber_18183,tripadvisor_5028,True
153,bookuber_24541,tripadvisor_5108,True
154,bookuber_20501,tripadvisor_5182,True
155,bookuber_21106,tripadvisor_5182,True
156,bookuber_18407,tripadvisor_5314,True
157,bookuber_24064,tripadvisor_5314,True
158,bookuber_17474,tripadvisor_5383,True
159,bookuber_19734,tripadvisor_5383,True
160,bookuber_17193,tripadvisor_5409,True
161,bookuber_18182,tripadvisor_5409,True
162,bookuber_15552,tripadvisor_5494,True
163,bookuber_24884,tripadvisor_5500,True
164,bookuber_14830,tripadvisor_5695,True
165,bookuber_16960,tripadvisor_6092,True
166,bookuber_17596,tripadvisor_6092,True
167,bookuber_23922,tripadvisor_6092,True
168,bookuber_20637,tripadvisor_6553,True
169,bookuber_17029,tripadvisor_7058,True
170,bookuber_20426,tripadvisor_7125,True
171,bookuber_15357,tripadvisor_7148,True
172,bookuber_16982,tripadvisor_7148,True
173,bookuber_24615,tripadvisor_7369,True
174,bookuber_22180,tripadvisor_7928,True
175,bookuber_20540,tripadvisor_8377,True
176,bookuber_23404,tripadvisor_11823,True
177,bookuber_22028,tripadvisor_11831,True
178,bookuber_18028,tripadvisor_11869,True
179,bookuber_25125,tripadvisor_11869,True
180,bookuber_16175,tripadvisor_11873,True
181,bookuber_18529,tripadvisor_11958,True
182,bookuber_22822,tripadvisor_12167,True
183,bookuber_17259,tripadvisor_12201,True
184,bookuber_17903,tripadvisor_12201,True
185,bookuber_25426,tripadvisor_12201,True
186,bookuber_15092,tripadvisor_12255,True
187,bookuber_19891,tripadvisor_12255,True
188,bookuber_20355,tripadvisor_12418,True
189,bookuber_25496,tripadvisor_12418,True
190,bookuber_21878,tripadvisor_12721,True
191,bookuber_20250,tripadvisor_13614,True
192,bookuber_20939,tripadvisor_13828,True
193,bookuber_14021,tripadvisor_17655,True
194,bookuber_19574,tripadvisor_25990,True
195,bookuber_6032,tripadvisor_26004,True
196,bookuber_4542,tripadvisor_26179,True
197,bookuber_7069,tripadvisor_26217,True
198,bookuber_3855,tripadvisor_26397,True
199,bookuber_13391,tripadvisor_26523,True
200,bookuber_24698,tripadvisor_26651,True
201,bookuber_25334,tripadvisor_26651,True
202,bookuber_2085,tripadvisor_26813,True
203,bookuber_7657,tripadvisor_26845,True
204,bookuber_2595,tripadvisor_27285,True
205,bookuber_13392,tripadvisor_27232,True
206,bookuber_5432,tripadvisor_27336,True
207,bookuber_15897,tripadvisor_27495,True
208,bookuber_23659,tripadvisor_27495,True
209,bookuber_23939,tripadvisor_27495,True
210,bookuber_19777,tripadvisor_27551,True
211,bookuber_19628,tripadvisor_27554,True
212,bookuber_25619,tripadvisor_27554,True
213,bookuber_21847,tripadvisor_27648,True
214,bookuber_18960,tripadvisor_27683,True
215,bookuber_21908,tripadvisor_27683,True
216,bookuber_19822,tripadvisor_27729,True
217,bookuber_20202,tripadvisor_27747,True
218,bookuber_20999,tripadvisor_27747,True
219,bookuber_18780,tripadvisor_27799,True
220,bookuber_19000,tripadvisor_27860,True
221,bookuber_20774,tripadvisor_27860,True
222,bookuber_17626,tripadvisor_28018,True
223,bookuber_20569,tripadvisor_28172,True
224,bookuber_24743,tripadvisor_28172,True
225,bookuber_25642,tripadvisor_28172,True
226,bookuber_24196,tripadvisor_28463,True
227,bookuber_16868,tripadvisor_28793,True
228,bookuber_20557,tripadvisor_28793,True
229,bookuber_15429,tripadvisor_28799,True
230,bookuber_19900,tripadvisor_28799,True
231,bookuber_20085,tripadvisor_28799,True
232,bookuber_15882,tripadvisor_30310,True
233,bookuber_18468,tripadvisor_30310,True
234,bookuber_25423,tripadvisor_35698,True
235,bookuber_18134,tripadvisor_35770,True
236,bookuber_21729,tripadvisor_35778,True
237,bookuber_23043,tripadvisor_35778,True
238,bookuber_24126,tripadvisor_35778,True
239,bookuber_16884,tripadvisor_35814,True
240,bookuber_19338,tripadvisor_35833,True
241,bookuber_21756,tripadvisor_35833,True
242,bookuber_18372,tripadvisor_36049,True
243,bookuber_20027,tripadvisor_36049,True
244,bookuber_21258,tripadvisor_36049,True
245,bookuber_22483,tripadvisor_36049,True
246,bookuber_24474,tripadvisor_36108,True
247,bookuber_7658,tripadvisor_36143,True
248,bookuber_18083,tripadvisor_36154,True
249,bookuber_22127,tripadvisor_36154,True
250,bookuber_24960,tripadvisor_36154,True
251,bookuber_16750,tripadvisor_36175,True
252,bookuber_18307,tripadvisor_36175,True
253,bookuber_18945,tripadvisor_36213,True
254,bookuber_21145,tripadvisor_36213,True
255,bookuber_24696,tripadvisor_36213,True
256,bookuber_4447,tripadvisor_36242,True
257,bookuber_17343,tripadvisor_36361,True
258,bookuber_17874,tripadvisor_36361,True
259,bookuber_24322,tripadvisor_36361,True
260,bookuber_8124,tripadvisor_36392,True
261,bookuber_19775,tripadvisor_36443,True
262,bookuber_18942,tripadvisor_36521,True
263,bookuber_22463,tripadvisor_36598,True
264,bookuber_25368,tripadvisor_36606,True
265,bookuber_7380,tripadvisor_36663,True
266,bookuber_11759,tripadvisor_36782,True
267,bookuber_23984,tripadvisor_36805,True
268,bookuber_24379,tripadvisor_36805,True
269,bookuber_16197,tripadvisor_36912,True
270,bookuber_5047,tripadvisor_36970,True
271,bookuber_15951,tripadvisor_37209,True
272,bookuber_23339,tripadvisor_37299,True
273,bookuber_23647,tripadvisor_37423,True
274,bookuber_22063,tripadvisor_37461,True
275,bookuber_1903,tripadvisor_37463,True
276,bookuber_16335,tripadvisor_37663,True
277,bookuber_24244,tripadvisor_37663,True
278,bookuber_24303,tripadvisor_37663,True
279,bookuber_9139,tripadvisor_37881,True
280,bookuber_21208,tripadvisor_37906,True
281,bookuber_18288,tripadvisor_37951,True
282,bookuber_21171,tripadvisor_37951,True
283,bookuber_15801,tripadvisor_37975,True
284,bookuber_23619,tripadvisor_37975,True
285,bookuber_9482,tripadvisor_38427,True
286,bookuber_3507,tripadvisor_38513,True
287,bookuber_3902,tripadvisor_38518,True
288,bookuber_8956,tripadvisor_38518,True
289,bookuber_12794,tripadvisor_43732,True
290,bookuber_6571,tripadvisor_38660,True
291,bookuber_12663,tripadvisor_39206,True
292,bookuber_11347,tripadvisor_39831,True
293,bookuber_21003,tripadvisor_39864,True
294,bookuber_11123,tripadvisor_40547,True
295,bookuber_1327,tripadvisor_46895,True
296,bookuber_21156,tripadvisor_40965,True
297,bookuber_1575,tripadvisor_41465,True
298,bookuber_25790,tripadvisor_42406,True
299,bookuber_22625,tripadvisor_42789,True
300,bookuber_23067,tripadvisor_44146,True
301,bookuber_6482,tripadvisor_48094,True
302,bookuber_11552,tripadvisor_49035,True
303,bookuber_11897,tripadvisor_44647,True
304,bookuber_5123,tripadvisor_49163,True
305,bookuber_16125,tripadvisor_50384,True
306,bookuber_15303,tripadvisor_50396,True
307,bookuber_20456,tripadvisor_50435,True
308,bookuber_19750,tripadvisor_50444,True
309,bookuber_22877,tripadvisor_50445,True
310,bookuber_24495,tripadvisor_53665,True
311,bookuber_24468,tripadvisor_53748,True
312,bookuber_15052,tripadvisor_53900,True
313,bookuber_24426,tripadvisor_53917,True
314,bookuber_18660,tripadvisor_53918,True
315,bookuber_18474,tripadvisor_53976,True
316,bookuber_23233,tripadvisor_54092,True
317,bookuber_25208,tripadvisor_54247,True
318,bookuber_19818,tripadvisor_54375,True
319,bookuber_19549,tripadvisor_54450,True
320,bookuber_16702,tripadvisor_70911,True
321,bookuber_19030,tripadvisor_70916,True
322,bookuber_19525,tripadvisor_70923,True
323,bookuber_23649,tripadvisor_70928,True
324,bookuber_19535,tripadvisor_70941,True
325,bookuber_14715,tripadvisor_78907,True
326,bookuber_17765,tripadvisor_79747,True
327,bookuber_21385,tripadvisor_80097,True
328,bookuber_24134,tripadvisor_80287,True
329,bookuber_19302,tripadvisor_80511,True
330,bookuber_20247,tripadvisor_92441,True
331,bookuber_21979,tripadvisor_92546,True
332,bookuber_17906,tripadvisor_92603,True
333,bookuber_19661,tripadvisor_92639,True
334,bookuber_1143,tripadvisor_75951,True
335,bookuber_1864,tripadvisor_76688,True
336,bookuber_19492,tripadvisor_76717,True
337,bookuber_22548,tripadvisor_72802,False
338,bookuber_23936,tripadvisor_72802,False
339,bookuber_15458,tripadvisor_71810,False
340,bookuber_21897,tripadvisor_71810,False
341,bookuber_11903,tripadvisor_44878,False
342,bookuber_11903,tripadvisor_45721,False
343,bookuber_13605,tripadvisor_44878,False
344,bookuber_13605,tripadvisor_45721,False
345,bookuber_9517,tripadvisor_92216,False
346,bookuber_6571,tripadvisor_41773,False
347,bookuber_6571,tripadvisor_45931,False
348,bookuber_11897,tripadvisor_48414,False
349,bookuber_16160,tripadvisor_92084,False
350,bookuber_17110,tripadvisor_92084,False
351,bookuber_17344,tripadvisor_92084,False
352,bookuber_23682,tripadvisor_92084,False
353,bookuber_7797,tripadvisor_27378,False
354,bookuber_18429,tripadvisor_35886,False
355,bookuber_21412,tripadvisor_35886,False
356,bookuber_11123,tripadvisor_40819,False
357,bookuber_11123,tripadvisor_41120,False
358,bookuber_11123,tripadvisor_41148,False
359,bookuber_11123,tripadvisor_44546,False
360,bookuber_11123,tripadvisor_44562,False
361,bookuber_11123,tripadvisor_45116,False
362,bookuber_11123,tripadvisor_45995,False
363,bookuber_11123,tripadvisor_46895,False
364,bookuber_11123,tripadvisor_47791,False
365,bookuber_11123,tripadvisor_47827,False
366,bookuber_11123,tripadvisor_48545,False
367,bookuber_1327,tripadvisor_40547,False
368,bookuber_1327,tripadvisor_40819,False
369,bookuber_1327,tripadvisor_41120,False
370,bookuber_1327,tripadvisor_41148,False
371,bookuber_1327,tripadvisor_44546,False
372,bookuber_1327,tripadvisor_44562,False
373,bookuber_1327,tripadvisor_45116,False
374,bookuber_1327,tripadvisor_45995,False
375,bookuber_1327,tripadvisor_47791,False
376,bookuber_1327,tripadvisor_47827,False
377,bookuber_1327,tripadvisor_48545,False
378,bookuber_6402,tripadvisor_40547,False
379,bookuber_6402,tripadvisor_40819,False
380,bookuber_6402,tripadvisor_41120,False
381,bookuber_6402,tripadvisor_41148,False
382,bookuber_6402,tripadvisor_44546,False
383,bookuber_6402,tripadvisor_44562,False
384,bookuber_6402,tripadvisor_45116,False
385,bookuber_6402,tripadvisor_45995,False
386,bookuber_6402,tripadvisor_46895,False
387,bookuber_6402,tripadvisor_47791,False
388,bookuber_6402,tripadvisor_47827,False
389,bookuber_6402,tripadvisor_48545,False
390,bookuber_3,tripadvisor_26915,False
391,bookuber_3,tripadvisor_27182,False
392,bookuber_8327,tripadvisor_26915,False
393,bookuber_8327,tripadvisor_27182,False
394,bookuber_17945,tripadvisor_74361,False
395,bookuber_19938,tripadvisor_76028,False
396,bookuber_25065,tripadvisor_74361,False
397,bookuber_17955,tripadvisor_70455,False
398,bookuber_4017,tripadvisor_39861,False
399,bookuber_15783,tripadvisor_5906,False
400,bookuber_2595,tripadvisor_26880,False
401,bookuber_2595,tripadvisor_27455,False
402,bookuber_1513,tripadvisor_40241,False
403,bookuber_16038,tripadvisor_92183,False
404,bookuber_22913,tripadvisor_92183,False
405,bookuber_16616,tripadvisor_37007,False
406,bookuber_16998,tripadvisor_36991,False
407,bookuber_11552,tripadvisor_44478,False
408,bookuber_11552,tripadvisor_48094,False
409,bookuber_4555,tripadvisor_44478,False
410,bookuber_4555,tripadvisor_48094,False
411,bookuber_4555,tripadvisor_49035,False
412,bookuber_6482,tripadvisor_44478,False
413,bookuber_6482,tripadvisor_49035,False
414,bookuber_3934,tripadvisor_44257,False
415,bookuber_3934,tripadvisor_45405,False
416,bookuber_3934,tripadvisor_46252,False
417,bookuber_3934,tripadvisor_50060,False
418,bookuber_17240,tripadvisor_43730,False
419,bookuber_24050,tripadvisor_43730,False
420,bookuber_21415,tripadvisor_72340,False
421,bookuber_21006,tripadvisor_74237,False
422,bookuber_11001,tripadvisor_43540,False
423,bookuber_11001,tripadvisor_43921,False
424,bookuber_11001,tripadvisor_45339,False
425,bookuber_11001,tripadvisor_45365,False
426,bookuber_11001,tripadvisor_45479,False
427,bookuber_11001,tripadvisor_45670,False
428,bookuber_11001,tripadvisor_45856,False
429,bookuber_11001,tripadvisor_45871,False
430,bookuber_11001,tripadvisor_45980,False
431,bookuber_11001,tripadvisor_46219,False
432,bookuber_11001,tripadvisor_46582,False
433,bookuber_11001,tripadvisor_46713,False
434,bookuber_11001,tripadvisor_47004,False
435,bookuber_11001,tripadvisor_47143,False
436,bookuber_11001,tripadvisor_47433,False
437,bookuber_11001,tripadvisor_47500,False
438,bookuber_11001,tripadvisor_47572,False
439,bookuber_11001,tripadvisor_47581,False
440,bookuber_11001,tripadvisor_47699,False
441,bookuber_11001,tripadvisor_47721,False
442,bookuber_11001,tripadvisor_47770,False
443,bookuber_11001,tripadvisor_47867,False
444,bookuber_11001,tripadvisor_47876,False
445,bookuber_11001,tripadvisor_47967,False
446,bookuber_11001,tripadvisor_47969,False
447,bookuber_11001,tripadvisor_48042,False
448,bookuber_11001,tripadvisor_48055,False
449,bookuber_11001,tripadvisor_48198,False
450,bookuber_11001,tripadvisor_48237,False
451,bookuber_11001,tripadvisor_48241,False
452,bookuber_11001,tripadvisor_48289,False
453,bookuber_11001,tripadvisor_48313,False
454,bookuber_11001,tripadvisor_48319,False
455,bookuber_11001,tripadvisor_48352,False
456,bookuber_11001,tripadvisor_48380,False
457,bookuber_11001,tripadvisor_48404,False
458,bookuber_11001,tripadvisor_48419,False
459,bookuber_11001,tripadvisor_48422,False
460,bookuber_11001,tripadvisor_48546,False
461,bookuber_11001,tripadvisor_48637,False
462,bookuber_11001,tripadvisor_48648,False
463,bookuber_11001,tripadvisor_48785,False
464,bookuber_11001,tripadvisor_48788,False
465,bookuber_11001,tripadvisor_48820,False
466,bookuber_11001,tripadvisor_48841,False
467,bookuber_11001,tripadvisor_48865,False
468,bookuber_11001,tripadvisor_48869,False
469,bookuber_11001,tripadvisor_48898,False
470,bookuber_11001,tripadvisor_48906,False
471,bookuber_11001,tripadvisor_48911,False
472,bookuber_11001,tripadvisor_48957,False
473,bookuber_11001,tripadvisor_48989,False
474,bookuber_11001,tripadvisor_49034,False
475,bookuber_11001,tripadvisor_49093,False
476,bookuber_11001,tripadvisor_49124,False
477,bookuber_11001,tripadvisor_49132,False
478,bookuber_11001,tripadvisor_49228,False
479,bookuber_11001,tripadvisor_49268,False
480,bookuber_11001,tripadvisor_49274,False
481,bookuber_11001,tripadvisor_49335,False
482,bookuber_11001,tripadvisor_49633,False
483,bookuber_11001,tripadvisor_49636,False
484,bookuber_11001,tripadvisor_49668,False
485,bookuber_11001,tripadvisor_49669,False
486,bookuber_11001,tripadvisor_49672,False
487,bookuber_16971,tripadvisor_75300,False
488,bookuber_16971,tripadvisor_76089,False
489,bookuber_16984,tripadvisor_75300,False
490,bookuber_16984,tripadvisor_76089,False
491,bookuber_22834,tripadvisor_76009,False
492,bookuber_21797,tripadvisor_73688,False
493,bookuber_21797,tripadvisor_82324,False
494,bookuber_17816,tripadvisor_77994,False
495,bookuber_17816,tripadvisor_78843,False
496,bookuber_17816,tripadvisor_80143,False
497,bookuber_17816,tripadvisor_80166,False
498,bookuber_17816,tripadvisor_81263,False
499,bookuber_22746,tripadvisor_77994,False
500,bookuber_22746,tripadvisor_78843,False
501,bookuber_22746,tripadvisor_80143,False
502,bookuber_22746,tripadvisor_80166,False
503,bookuber_22746,tripadvisor_81263,False
504,bookuber_21158,tripadvisor_80072,False
505,bookuber_15089,tripadvisor_92619,False
506,bookuber_15460,tripadvisor_92619,False
507,bookuber_18465,tripadvisor_92619,False
508,bookuber_15981,tripadvisor_93437,False
509,bookuber_25128,tripadvisor_93437,False
510,bookuber_23800,tripadvisor_56541,False
511,bookuber_17811,tripadvisor_74552,False
512,bookuber_19798,tripadvisor_74552,False
513,bookuber_22442,tripadvisor_70971,False
514,bookuber_3609,tripadvisor_74380,False
515,bookuber_3609,tripadvisor_81376,False
516,bookuber_23551,tripadvisor_72874,False
517,bookuber_23915,tripadvisor_72874,False
518,bookuber_20885,tripadvisor_70585,False
519,bookuber_23080,tripadvisor_70585,False
520,bookuber_22354,tripadvisor_5059,False
521,bookuber_22607,tripadvisor_5059,False
522,bookuber_7380,tripadvisor_44980,False
523,bookuber_15855,tripadvisor_74450,False
524,bookuber_20271,tripadvisor_74450,False
525,bookuber_24674,tripadvisor_16161,False
526,bookuber_22118,tripadvisor_36025,False
527,bookuber_1324,tripadvisor_56894,False
528,bookuber_1324,tripadvisor_57019,False
529,bookuber_1324,tripadvisor_57894,False
530,bookuber_1324,tripadvisor_58086,False
531,bookuber_1324,tripadvisor_58087,False
532,bookuber_1324,tripadvisor_58117,False
533,bookuber_1324,tripadvisor_58288,False
534,bookuber_1324,tripadvisor_58420,False
535,bookuber_1324,tripadvisor_58443,False
536,bookuber_1324,tripadvisor_58517,False
537,bookuber_1324,tripadvisor_58689,False
538,bookuber_1324,tripadvisor_58730,False
539,bookuber_1324,tripadvisor_58733,False
540,bookuber_1324,tripadvisor_59118,False
541,bookuber_1324,tripadvisor_59214,False
542,bookuber_1324,tripadvisor_59302,False
543,bookuber_1324,tripadvisor_59324,False
544,bookuber_1324,tripadvisor_59801,False
545,bookuber_1324,tripadvisor_59818,False
546,bookuber_1324,tripadvisor_60096,False
547,bookuber_1324,tripadvisor_60150,False
548,bookuber_4218,tripadvisor_41924,False
549,bookuber_4218,tripadvisor_43867,False
550,bookuber_4218,tripadvisor_44348,False
551,bookuber_4218,tripadvisor_45713,False
552,bookuber_4218,tripadvisor_46303,False
553,bookuber_4218,tripadvisor_46360,False
554,bookuber_4218,tripadvisor_46452,False
555,bookuber_4218,tripadvisor_46482,False
556,bookuber_4218,tripadvisor_46725,False
557,bookuber_4218,tripadvisor_46900,False
558,bookuber_4218,tripadvisor_47052,False
559,bookuber_4218,tripadvisor_47093,False
560,bookuber_4218,tripadvisor_47204,False
561,bookuber_4218,tripadvisor_47236,False
562,bookuber_4218,tripadvisor_47273,False
563,bookuber_4218,tripadvisor_47286,False
564,bookuber_4218,tripadvisor_47294,False
565,bookuber_4218,tripadvisor_47438,False
566,bookuber_4218,tripadvisor_47652,False
567,bookuber_4218,tripadvisor_47662,False
568,bookuber_4218,tripadvisor_47734,False
569,bookuber_4218,tripadvisor_47809,False
570,bookuber_4218,tripadvisor_47817,False
571,bookuber_4218,tripadvisor_47837,False
572,bookuber_4218,tripadvisor_47933,False
573,bookuber_4218,tripadvisor_48101,False
574,bookuber_4218,tripadvisor_48110,False
575,bookuber_4218,tripadvisor_48172,False
576,bookuber_4218,tripadvisor_48469,False
577,bookuber_4218,tripadvisor_48738,False
578,bookuber_4218,tripadvisor_48759,False
579,bookuber_4218,tripadvisor_48760,False
580,bookuber_4218,tripadvisor_48873,False
581,bookuber_4218,tripadvisor_48974,False
582,bookuber_4218,tripadvisor_49883,False
583,bookuber_4731,tripadvisor_56064,False
584,bookuber_4731,tripadvisor_56894,False
585,bookuber_4731,tripadvisor_57019,False
586,bookuber_4731,tripadvisor_57876,False
587,bookuber_4731,tripadvisor_57894,False
588,bookuber_4731,tripadvisor_58086,False
589,bookuber_4731,tripadvisor_58087,False
590,bookuber_4731,tripadvisor_58117,False
591,bookuber_4731,tripadvisor_58288,False
592,bookuber_4731,tripadvisor_58420,False
593,bookuber_4731,tripadvisor_58443,False
594,bookuber_4731,tripadvisor_58517,False
595,bookuber_4731,tripadvisor_58689,False
596,bookuber_4731,tripadvisor_58730,False
597,bookuber_4731,tripadvisor_58733,False
598,bookuber_4731,tripadvisor_59118,False
599,bookuber_4731,tripadvisor_59214,False
600,bookuber_4731,tripadvisor_59302,False
601,bookuber_4731,tripadvisor_59324,False
602,bookuber_4731,tripadvisor_59801,False
603,bookuber_4731,tripadvisor_59818,False
604,bookuber_4731,tripadvisor_60096,False
605,bookuber_4731,tripadvisor_60150,False
606,bookuber_17889,tripadvisor_87051,False
607,bookuber_18570,tripadvisor_92182,False
608,bookuber_18531,tripadvisor_91960,False
609,bookuber_11834,tripadvisor_46059,False
610,bookuber_13455,tripadvisor_46059,False
611,bookuber_1493,tripadvisor_46059,False
612,bookuber_16758,tripadvisor_72789,False
613,bookuber_21095,tripadvisor_74027,False
614,bookuber_24035,tripadvisor_74027,False
615,bookuber_7190,tripadvisor_41367,False
616,bookuber_9673,tripadvisor_41367,False
617,bookuber_17708,tripadvisor_80712,False
618,bookuber_18789,tripadvisor_80712,False
619,bookuber_18060,tripadvisor_37812,False
620,bookuber_21869,tripadvisor_37812,False
621,bookuber_18119,tripadvisor_70165,False
622,bookuber_24386,tripadvisor_70165,False
623,bookuber_11540,tripadvisor_38890,False
624,bookuber_20890,tripadvisor_73436,False
625,bookuber_22229,tripadvisor_73436,False
626,bookuber_4970,tripadvisor_37068,False
627,bookuber_4970,tripadvisor_37230,False
628,bookuber_4970,tripadvisor_37910,False
629,bookuber_4970,tripadvisor_39561,False
630,bookuber_1038,tripadvisor_41707,False
631,bookuber_1038,tripadvisor_41813,False
632,bookuber_1038,tripadvisor_43050,False
633,bookuber_1038,tripadvisor_43056,False
634,bookuber_1038,tripadvisor_43344,False
635,bookuber_1038,tripadvisor_44031,False
636,bookuber_1038,tripadvisor_44463,False
637,bookuber_1038,tripadvisor_44481,False
638,bookuber_1038,tripadvisor_44605,False
639,bookuber_1038,tripadvisor_44798,False
640,bookuber_1038,tripadvisor_44943,False
641,bookuber_1038,tripadvisor_44957,False
642,bookuber_1038,tripadvisor_45047,False
643,bookuber_1038,tripadvisor_45161,False
644,bookuber_1038,tripadvisor_45219,False
645,bookuber_1038,tripadvisor_45816,False
646,bookuber_1038,tripadvisor_45948,False
647,bookuber_1038,tripadvisor_46103,False
648,bookuber_1038,tripadvisor_46118,False
649,bookuber_1038,tripadvisor_46131,False
650,bookuber_1038,tripadvisor_46378,False
651,bookuber_1038,tripadvisor_46580,False
652,bookuber_1038,tripadvisor_46594,False
653,bookuber_1038,tripadvisor_46734,False
654,bookuber_1038,tripadvisor_46789,False
655,bookuber_1038,tripadvisor_47012,False
656,bookuber_1038,tripadvisor_47343,False
657,bookuber_1038,tripadvisor_47587,False
658,bookuber_1038,tripadvisor_47600,False
659,bookuber_1038,tripadvisor_47609,False
660,bookuber_1038,tripadvisor_47631,False
661,bookuber_1038,tripadvisor_47961,False
662,bookuber_1038,tripadvisor_47970,False
663,bookuber_1038,tripadvisor_47977,False
664,bookuber_1038,tripadvisor_47978,False
665,bookuber_1038,tripadvisor_48007,False
666,bookuber_1038,tripadvisor_48288,False
667,bookuber_1038,tripadvisor_48303,False
668,bookuber_1038,tripadvisor_48447,False
669,bookuber_1038,tripadvisor_48571,False
670,bookuber_1038,tripadvisor_48676,False
671,bookuber_1038,tripadvisor_48882,False
672,bookuber_1038,tripadvisor_49029,False
673,bookuber_1038,tripadvisor_49102,False
674,bookuber_1038,tripadvisor_49181,False
675,bookuber_1038,tripadvisor_49235,False
676,bookuber_1038,tripadvisor_49635,False
677,bookuber_1038,tripadvisor_49643,False
678,bookuber_11120,tripadvisor_27232,False
679,bookuber_11120,tripadvisor_27255,False
680,bookuber_11120,tripadvisor_27278,False
681,bookuber_11120,tripadvisor_27290,False
682,bookuber_11120,tripadvisor_27322,False
683,bookuber_11120,tripadvisor_27336,False
684,bookuber_1133,tripadvisor_27232,False
685,bookuber_1133,tripadvisor_27255,False
686,bookuber_1133,tripadvisor_27278,False
687,bookuber_1133,tripadvisor_27290,False
688,bookuber_1133,tripadvisor_27322,False
689,bookuber_1133,tripadvisor_27336,False
690,bookuber_1245,tripadvisor_41707,False
691,bookuber_1245,tripadvisor_41813,False
692,bookuber_1245,tripadvisor_43050,False
693,bookuber_1245,tripadvisor_43056,False
694,bookuber_1245,tripadvisor_43344,False
695,bookuber_1245,tripadvisor_44031,False
696,bookuber_1245,tripadvisor_44463,False
697,bookuber_1245,tripadvisor_44481,False
698,bookuber_1245,tripadvisor_44605,False
699,bookuber_1245,tripadvisor_44798,False
700,bookuber_1245,tripadvisor_44943,False
701,bookuber_1245,tripadvisor_44957,False
702,bookuber_1245,tripadvisor_45047,False
703,bookuber_1245,tripadvisor_45161,False
704,bookuber_1245,tripadvisor_45219,False
705,bookuber_1245,tripadvisor_45816,False
706,bookuber_1245,tripadvisor_45948,False
707,bookuber_1245,tripadvisor_46103,False
708,bookuber_1245,tripadvisor_46118,False
709,bookuber_1245,tripadvisor_46131,False
710,bookuber_1245,tripadvisor_46378,False
711,bookuber_1245,tripadvisor_46580,False
712,bookuber_1245,tripadvisor_46594,False
713,bookuber_1245,tripadvisor_46734,False
714,bookuber_1245,tripadvisor_46789,False
715,bookuber_1245,tripadvisor_47012,False
716,bookuber_1245,tripadvisor_47343,False
717,bookuber_1245,tripadvisor_47587,False
718,bookuber_1245,tripadvisor_47600,False
719,bookuber_1245,tripadvisor_47609,False
720,bookuber_1245,tripadvisor_47631,False
721,bookuber_1245,tripadvisor_47961,False
722,bookuber_1245,tripadvisor_47970,False
723,bookuber_1245,tripadvisor_47977,False
724,bookuber_1245,tripadvisor_47978,False
725,bookuber_1245,tripadvisor_48007,False
726,bookuber_1245,tripadvisor_48288,False
727,bookuber_1245,tripadvisor_48303,False
728,bookuber_1245,tripadvisor_48447,False
729,bookuber_1245,tripadvisor_48571,False
730,bookuber_1245,tripadvisor_48676,False
731,bookuber_1245,tripadvisor_48882,False
732,bookuber_1245,tripadvisor_49029,False
733,bookuber_1245,tripadvisor_49102,False
734,bookuber_1245,tripadvisor_49181,False
735,bookuber_1245,tripadvisor_49235,False
736,bookuber_1245,tripadvisor_49635,False
737,bookuber_8971,tripadvisor_47977,False
738,bookuber_8971,tripadvisor_47978,False
739,bookuber_8971,tripadvisor_48007,False
740,bookuber_8971,tripadvisor_48288,False
741,bookuber_8971,tripadvisor_48303,False
742,bookuber_8971,tripadvisor_48447,False
743,bookuber_8971,tripadvisor_48571,False
744,bookuber_8971,tripadvisor_48676,False
745,bookuber_8971,tripadvisor_48882,False
746,bookuber_8971,tripadvisor_49029,False
747,bookuber_8971,tripadvisor_49102,False
748,bookuber_8971,tripadvisor_49181,False
749,bookuber_8971,tripadvisor_49235,False
750,bookuber_8971,tripadvisor_49635,False
751,bookuber_8971,tripadvisor_49643,False
752,bookuber_921,tripadvisor_27232,False
753,bookuber_921,tripadvisor_27255,False
754,bookuber_921,tripadvisor_27278,False
755,bookuber_921,tripadvisor_27290,False
756,bookuber_921,tripadvisor_27322,False
757,bookuber_921,tripadvisor_27336,False
758,bookuber_9383,tripadvisor_41707,False
759,bookuber_9383,tripadvisor_41813,False
760,bookuber_9383,tripadvisor_43050,False
761,bookuber_9383,tripadvisor_43056,False
762,bookuber_9383,tripadvisor_43344,False
763,bookuber_9383,tripadvisor_44031,False
764,bookuber_9383,tripadvisor_44463,False
765,bookuber_9383,tripadvisor_44481,False
766,bookuber_9383,tripadvisor_44605,False
767,bookuber_9383,tripadvisor_44798,False
768,bookuber_9383,tripadvisor_44943,False
769,bookuber_9383,tripadvisor_44957,False
770,bookuber_9383,tripadvisor_45047,False
771,bookuber_9383,tripadvisor_45161,False
772,bookuber_9383,tripadvisor_45219,False
773,bookuber_9383,tripadvisor_45816,False
774,bookuber_9383,tripadvisor_45948,False
775,bookuber_9383,tripadvisor_46103,False
776,bookuber_9383,tripadvisor_46118,False
777,bookuber_9383,tripadvisor_46131,False
778,bookuber_9383,tripadvisor_46378,False
779,bookuber_9383,tripadvisor_46580,False
780,bookuber_9383,tripadvisor_46594,False
781,bookuber_9383,tripadvisor_46734,False
782,bookuber_9383,tripadvisor_46789,False
783,bookuber_9383,tripadvisor_47012,False
784,bookuber_9383,tripadvisor_47343,False
785,bookuber_9383,tripadvisor_47587,False
786,bookuber_9383,tripadvisor_47600,False
787,bookuber_9383,tripadvisor_47609,False
788,bookuber_9383,tripadvisor_47631,False
789,bookuber_9383,tripadvisor_47961,False
790,bookuber_9383,tripadvisor_47970,False
791,bookuber_9383,tripadvisor_47977,False
792,bookuber_9383,tripadvisor_47978,False
793,bookuber_9383,tripadvisor_48007,False
794,bookuber_9383,tripadvisor_48288,False
795,bookuber_9383,tripadvisor_48303,False
796,bookuber_9383,tripadvisor_48447,False
797,bookuber_9383,tripadvisor_48571,False
798,bookuber_9383,tripadvisor_48676,False
799,bookuber_9383,tripadvisor_48882,False
800,bookuber_9383,tripadvisor_49029,False
801,bookuber_9383,tripadvisor_49102,False
802,bookuber_9383,tripadvisor_49181,False
803,bookuber_9383,tripadvisor_49235,False
804,bookuber_9383,tripadvisor_49635,False
805,bookuber_9383,tripadvisor_49643,False
806,bookuber_78,tripadvisor_40813,False
807,bookuber_18396,tripadvisor_38860,False
808,bookuber_18396,tripadvisor_38983,False
809,bookuber_18396,tripadvisor_44939,False
810,bookuber_16744,tripadvisor_42159,False
811,bookuber_24137,tripadvisor_42159,False
812,bookuber_25349,tripadvisor_42159,False
813,bookuber_23325,tripadvisor_39762,False
814,bookuber_23325,tripadvisor_40346,False
815,bookuber_23325,tripadvisor_41163,False
816,bookuber_23325,tripadvisor_41285,False
817,bookuber_23325,tripadvisor_41382,False
818,bookuber_23325,tripadvisor_45555,False
819,bookuber_23325,tripadvisor_45583,False
820,bookuber_23325,tripadvisor_47754,False
821,bookuber_21581,tripadvisor_35978,False
822,bookuber_12794,tripadvisor_38559,False
823,bookuber_12412,tripadvisor_40638,False
824,bookuber_13091,tripadvisor_40638,False
825,bookuber_8145,tripadvisor_40638,False
826,bookuber_9570,tripadvisor_40638,False
827,bookuber_18898,tripadvisor_92275,False
828,bookuber_22544,tripadvisor_4945,False
829,bookuber_24200,tripadvisor_4945,False
830,bookuber_14499,tripadvisor_24306,False
831,bookuber_14925,tripadvisor_44501,False
832,bookuber_15272,tripadvisor_44501,False
833,bookuber_21244,tripadvisor_44501,False
834,bookuber_19765,tripadvisor_73371,False
835,bookuber_19765,tripadvisor_81155,False
836,bookuber_6793,tripadvisor_27091,False
837,bookuber_9193,tripadvisor_17830,True
838,bookuber_7223,tripadvisor_17983,True
839,bookuber_10490,tripadvisor_17860,True
840,bookuber_15270,tripadvisor_22569,True
841,bookuber_25028,tripadvisor_22569,True
842,bookuber_15839,tripadvisor_50608,True
843,bookuber_21099,tripadvisor_50608,True
844,bookuber_14743,tripadvisor_50696,True
845,bookuber_5101,tripadvisor_19017,True
846,bookuber_2571,tripadvisor_87974,True
847,bookuber_3521,tripadvisor_87058,True
848,bookuber_4601,tripadvisor_88979,True
849,bookuber_5515,tripadvisor_87045,True
850,bookuber_5544,tripadvisor_86948,True
851,bookuber_6380,tripadvisor_87971,True
852,bookuber_6714,tripadvisor_88420,True
853,bookuber_7089,tripadvisor_86924,True
854,bookuber_8304,tripadvisor_87719,True
855,bookuber_10608,tripadvisor_89408,True
856,bookuber_11370,tripadvisor_89107,True
857,bookuber_14186,tripadvisor_86956,True
858,bookuber_14579,tripadvisor_88230,True
859,bookuber_17998,tripadvisor_94917,True
860,bookuber_19430,tripadvisor_94242,True
861,bookuber_19469,tripadvisor_94227,True
862,bookuber_19839,tripadvisor_95460,True
863,bookuber_20868,tripadvisor_94258,True
864,bookuber_23268,tripadvisor_94187,True
865,bookuber_23629,tripadvisor_94129,True
866,bookuber_16227,tripadvisor_50533,True
867,bookuber_4885,tripadvisor_87798,True
868,bookuber_20487,tripadvisor_88479,True
869,bookuber_15336,tripadvisor_94601,True
870,bookuber_15432,tripadvisor_94347,True
871,bookuber_15949,tripadvisor_94315,True
872,bookuber_16527,tripadvisor_95043,True
873,bookuber_16539,tripadvisor_94225,True
874,bookuber_16584,tripadvisor_94414,True
875,bookuber_16642,tripadvisor_96224,True
876,bookuber_21202,tripadvisor_96222,True
877,bookuber_18006,tripadvisor_94177,True
878,bookuber_25497,tripadvisor_94810,True
879,bookuber_19653,tripadvisor_94711,True
880,bookuber_23306,tripadvisor_94761,True
881,bookuber_20143,tripadvisor_94195,True
882,bookuber_24969,tripadvisor_95922,True
883,bookuber_22430,tripadvisor_94257,True
884,bookuber_16215,tripadvisor_95,False
885,bookuber_16215,tripadvisor_12568,False
886,bookuber_16215,tripadvisor_66346,False
887,bookuber_16215,tripadvisor_94741,False
888,bookuber_15040,tripadvisor_463,False
889,bookuber_19508,tripadvisor_463,False
890,bookuber_15040,tripadvisor_66495,False
891,bookuber_19508,tripadvisor_66495,False
892,bookuber_23989,tripadvisor_493,False
893,bookuber_23989,tripadvisor_70678,False
894,bookuber_23989,tripadvisor_70931,False
895,bookuber_23989,tripadvisor_72522,False
896,bookuber_23989,tripadvisor_75583,False
897,bookuber_15967,tripadvisor_547,False
898,bookuber_23761,tripadvisor_547,False
899,bookuber_16289,tripadvisor_623,False
900,bookuber_21436,tripadvisor_623,False
901,bookuber_22627,tripadvisor_623,False
902,bookuber_23585,tripadvisor_623,False
903,bookuber_16289,tripadvisor_28353,False
904,bookuber_21436,tripadvisor_28353,False
905,bookuber_22627,tripadvisor_28353,False
906,bookuber_23585,tripadvisor_28353,False
907,bookuber_16289,tripadvisor_57702,False
908,bookuber_21436,tripadvisor_57702,False
909,bookuber_22627,tripadvisor_57702,False
910,bookuber_23585,tripadvisor_57702,False
911,bookuber_16289,tripadvisor_92687,False
912,bookuber_21436,tripadvisor_92687,False
913,bookuber_22627,tripadvisor_92687,False
914,bookuber_23585,tripadvisor_92687,False
915,bookuber_10481,tripadvisor_643,False
916,bookuber_15584,tripadvisor_786,False
917,bookuber_23468,tripadvisor_786,False
918,bookuber_3738,tripadvisor_964,False
919,bookuber_3738,tripadvisor_59241,False
920,bookuber_3738,tripadvisor_66854,False
921,bookuber_3738,tripadvisor_66930,False
922,bookuber_3738,tripadvisor_67024,False
923,bookuber_3738,tripadvisor_67244,False
924,bookuber_3738,tripadvisor_67581,False
925,bookuber_20079,tripadvisor_978,False
926,bookuber_20079,tripadvisor_4830,False
927,bookuber_9089,tripadvisor_1159,False
928,bookuber_13223,tripadvisor_1159,False
929,bookuber_9089,tripadvisor_25214,False
930,bookuber_13223,tripadvisor_25214,False
931,bookuber_9089,tripadvisor_27419,False
932,bookuber_13223,tripadvisor_27419,False
933,bookuber_9089,tripadvisor_73571,False
934,bookuber_13223,tripadvisor_73571,False
935,bookuber_2137,tripadvisor_1321,False
936,bookuber_11957,tripadvisor_1321,False
937,bookuber_2137,tripadvisor_4188,False
938,bookuber_11957,tripadvisor_4188,False
939,bookuber_2137,tripadvisor_7134,False
940,bookuber_11957,tripadvisor_7134,False
941,bookuber_2137,tripadvisor_22258,False
942,bookuber_11957,tripadvisor_22258,False
943,bookuber_2137,tripadvisor_71747,False
944,bookuber_11957,tripadvisor_71747,False
945,bookuber_2137,tripadvisor_75413,False
946,bookuber_11957,tripadvisor_75413,False
947,bookuber_2137,tripadvisor_80470,False
948,bookuber_11957,tripadvisor_80470,False
949,bookuber_2137,tripadvisor_82761,False
950,bookuber_11957,tripadvisor_82761,False
951,bookuber_2137,tripadvisor_83627,False
952,bookuber_11957,tripadvisor_83627,False
953,bookuber_20733,tripadvisor_1538,False
954,bookuber_25661,tripadvisor_1538,False
955,bookuber_20733,tripadvisor_7695,False
956,bookuber_25661,tripadvisor_7695,False
957,bookuber_17455,tripadvisor_1544,False
958,bookuber_18786,tripadvisor_1544,False
959,bookuber_22856,tripadvisor_1544,False
960,bookuber_17455,tripadvisor_66140,False
961,bookuber_18786,tripadvisor_66140,False
962,bookuber_22856,tripadvisor_66140,False
963,bookuber_14789,tripadvisor_1553,False
964,bookuber_14789,tripadvisor_4589,False
965,bookuber_14789,tripadvisor_13702,False
966,bookuber_14789,tripadvisor_18548,False
967,bookuber_14789,tripadvisor_28425,False
968,bookuber_14789,tripadvisor_51549,False
969,bookuber_14789,tripadvisor_67353,False
970,bookuber_38,tripadvisor_1572,False
971,bookuber_174,tripadvisor_1572,False
972,bookuber_652,tripadvisor_1572,False
973,bookuber_677,tripadvisor_1572,False
974,bookuber_1002,tripadvisor_1572,False
975,bookuber_1144,tripadvisor_1572,False
976,bookuber_1497,tripadvisor_1572,False
977,bookuber_2219,tripadvisor_1572,False
978,bookuber_2350,tripadvisor_1572,False
979,bookuber_2711,tripadvisor_1572,False
980,bookuber_2962,tripadvisor_1572,False
981,bookuber_3046,tripadvisor_1572,False
982,bookuber_3340,tripadvisor_1572,False
983,bookuber_3390,tripadvisor_1572,False
984,bookuber_3746,tripadvisor_1572,False
985,bookuber_3793,tripadvisor_1572,False
986,bookuber_3810,tripadvisor_1572,False
987,bookuber_3829,tripadvisor_1572,False
988,bookuber_3925,tripadvisor_1572,False
989,bookuber_4043,tripadvisor_1572,False
990,bookuber_4103,tripadvisor_1572,False
991,bookuber_5122,tripadvisor_1572,False
992,bookuber_5191,tripadvisor_1572,False
993,bookuber_5240,tripadvisor_1572,False
994,bookuber_5362,tripadvisor_1572,False
995,bookuber_5925,tripadvisor_1572,False
996,bookuber_5984,tripadvisor_1572,False
997,bookuber_6001,tripadvisor_1572,False
998,bookuber_6046,tripadvisor_1572,False
999,bookuber_6300,tripadvisor_1572,False
1000,bookuber_6496,tripadvisor_1572,False
1001,bookuber_6610,tripadvisor_1572,False
1002,bookuber_6668,tripadvisor_1572,False
1003,bookuber_7324,tripadvisor_1572,False
1004,bookuber_11261,tripadvisor_49093,False
1005,bookuber_11279,tripadvisor_49093,False
1006,bookuber_11381,tripadvisor_49093,False
1007,bookuber_11522,tripadvisor_49093,False
1008,bookuber_11553,tripadvisor_49093,False
1009,bookuber_11978,tripadvisor_49093,False
1010,bookuber_12035,tripadvisor_49093,False
1011,bookuber_12183,tripadvisor_49093,False
1012,bookuber_12442,tripadvisor_49093,False
1013,bookuber_12533,tripadvisor_49093,False
1014,bookuber_12673,tripadvisor_49093,False
1015,bookuber_12723,tripadvisor_49093,False
1016,bookuber_12955,tripadvisor_49093,False
1017,bookuber_18174,tripadvisor_98371,False
1018,bookuber_18688,tripadvisor_98371,False
1019,bookuber_14949,tripadvisor_98620,False
1020,bookuber_15385,tripadvisor_98620,False
1021,bookuber_6267,tripadvisor_98816,False
1022,bookuber_13913,tripadvisor_98816,False
1023,bookuber_9831,tripadvisor_98879,False
1024,bookuber_1814,tripadvisor_99041,False
