"bookuber_23116","tripadvisor_72741","0.7"
"bookuber_16215","tripadvisor_71847","0.9500000000000001"
"bookuber_18933","tripadvisor_10764","0.763157894736842"
"bookuber_20491","tripadvisor_75390","0.9999999999999999"
"bookuber_15235","tripadvisor_71058","0.9999999999999999"
"bookuber_20946","tripadvisor_80845","0.7052631578947368"
"bookuber_23147","tripadvisor_50880","0.9999999999999999"
"bookuber_20307","tripadvisor_73045","0.72"
"bookuber_20572","tripadvisor_71874","0.7666666666666667"
"bookuber_24693","tripadvisor_71443","0.7666666666666667"
"bookuber_18316","tripadvisor_78488","0.7083333333333333"
"bookuber_18456","tripadvisor_80845","0.7789473684210526"
"bookuber_20730","tripadvisor_71194","0.7307692307692307"
"bookuber_23477","tripadvisor_27544","0.7999999999999999"
"bookuber_21847","tripadvisor_27648","0.7999999999999999"
"bookuber_15053","tripadvisor_51268","0.7407407407407407"
"bookuber_16078","tripadvisor_70240","0.7052631578947368"
"bookuber_12870","tripadvisor_55580","0.725"
"bookuber_17903","tripadvisor_12201","0.7999999999999999"
"bookuber_19837","tripadvisor_71260","0.9125"
"bookuber_22430","tripadvisor_94257","0.7999999999999999"
"bookuber_24468","tripadvisor_55475","0.7374999999999999"
"bookuber_22442","tripadvisor_72251","0.9999999999999999"
"bookuber_22571","tripadvisor_55067","0.7941176470588235"
"bookuber_17494","tripadvisor_71448","0.93"
"bookuber_24468","tripadvisor_60338","0.7374999999999999"
"bookuber_17252","tripadvisor_76282","0.8833333333333334"
"bookuber_21057","tripadvisor_72002","0.7"
"bookuber_18960","tripadvisor_27683","0.7999999999999999"
"bookuber_17804","tripadvisor_73361","0.9999999999999999"
"bookuber_17869","tripadvisor_70770","0.9999999999999999"
"bookuber_24134","tripadvisor_76926","0.7421052631578947"
"bookuber_17089","tripadvisor_77086","0.72"
"bookuber_15452","tripadvisor_71005","0.9611111111111111"
"bookuber_25161","tripadvisor_78952","0.72"
"bookuber_22982","tripadvisor_70240","0.9588235294117647"
"bookuber_25315","tripadvisor_60010","0.9999999999999999"
"bookuber_22538","tripadvisor_74508","0.8133333333333334"
"bookuber_14320","tripadvisor_75041","0.9999999999999999"
"bookuber_17388","tripadvisor_81130","0.7"
"bookuber_15779","tripadvisor_81279","0.711764705882353"
"bookuber_18253","tripadvisor_79223","0.7277777777777777"
"bookuber_10490","tripadvisor_17860","0.7999999999999999"
"bookuber_19958","tripadvisor_72566","0.9999999999999999"
"bookuber_1324","tripadvisor_58144","0.8727272727272727"
"bookuber_18006","tripadvisor_94177","0.7999999999999999"
"bookuber_21577","tripadvisor_73876","0.9999999999999999"
"bookuber_25087","tripadvisor_56730","0.9066666666666666"
"bookuber_19938","tripadvisor_72673","0.7666666666666667"
"bookuber_17945","tripadvisor_75776","0.7374999999999999"
"bookuber_24304","tripadvisor_71301","0.7"
"bookuber_18474","tripadvisor_53976","0.9999999999999999"
"bookuber_17115","tripadvisor_72541","0.876470588235294"
"bookuber_18980","tripadvisor_73702","0.7"
"bookuber_17533","tripadvisor_71506","0.9363636363636364"
"bookuber_21354","tripadvisor_28479","0.7999999999999999"
"bookuber_24134","tripadvisor_75982","0.7789473684210526"
"bookuber_15814","tripadvisor_54444","0.8833333333333334"
"bookuber_1406","tripadvisor_75300","0.715625"
"bookuber_25365","tripadvisor_52305","0.7499999999999999"
"bookuber_21411","tripadvisor_75179","0.9999999999999999"
"bookuber_17650","tripadvisor_77647","0.7"
"bookuber_17553","tripadvisor_75390","0.9999999999999999"
"bookuber_19734","tripadvisor_5383","0.7999999999999999"
"bookuber_22538","tripadvisor_72223","0.7529411764705881"
"bookuber_17947","tripadvisor_4810","0.763157894736842"
"bookuber_18123","tripadvisor_76979","0.7421052631578947"
"bookuber_24489","tripadvisor_77126","0.72"
"bookuber_17281","tripadvisor_70170","0.9999999999999999"
"bookuber_15723","tripadvisor_73849","0.7"
"bookuber_23749","tripadvisor_76864","0.7"
"bookuber_15264","tripadvisor_55078","0.9999999999999999"
"bookuber_17605","tripadvisor_71962","0.9999999999999999"
"bookuber_22969","tripadvisor_70113","0.9588235294117647"
"bookuber_20954","tripadvisor_77196","0.725"
"bookuber_16019","tripadvisor_75390","0.9999999999999999"
"bookuber_15065","tripadvisor_71856","0.7999999999999999"
"bookuber_14996","tripadvisor_70630","0.8444444444444444"
"bookuber_15458","tripadvisor_71276","0.9999999999999999"
"bookuber_15432","tripadvisor_94347","0.7999999999999999"
"bookuber_23826","tripadvisor_91850","0.9999999999999999"
"bookuber_18203","tripadvisor_72354","0.9999999999999999"
"bookuber_17551","tripadvisor_70574","0.9999999999999999"
"bookuber_15839","tripadvisor_50608","0.7999999999999999"
"bookuber_21783","tripadvisor_74061","0.7277777777777777"
"bookuber_19958","tripadvisor_80805","0.7454545454545455"
"bookuber_16318","tripadvisor_70613","0.9999999999999999"
"bookuber_18494","tripadvisor_79492","0.72"
"bookuber_18407","tripadvisor_5314","0.7999999999999999"
"bookuber_15430","tripadvisor_78360","0.72"
"bookuber_23958","tripadvisor_75710","0.72"
"bookuber_15921","tripadvisor_70411","0.9695652173913044"
"bookuber_24","tripadvisor_73604","0.9999999999999999"
"bookuber_1143","tripadvisor_80287","0.7421052631578947"
"bookuber_19027","tripadvisor_70447","0.7052631578947368"
"bookuber_21028","tripadvisor_76953","0.7899999999999999"
"bookuber_9409","tripadvisor_78459","0.7421052631578947"
"bookuber_15232","tripadvisor_70819","0.9611111111111111"
"bookuber_15745","tripadvisor_70363","0.72"
"bookuber_21783","tripadvisor_72611","0.9999999999999999"
"bookuber_15552","tripadvisor_5494","0.7999999999999999"
"bookuber_25678","tripadvisor_72228","0.7"
"bookuber_22982","tripadvisor_71314","0.711764705882353"
"bookuber_14751","tripadvisor_51268","0.7407407407407407"
"bookuber_22729","tripadvisor_73730","0.9999999999999999"
"bookuber_21057","tripadvisor_81986","0.7136363636363635"
"bookuber_16462","tripadvisor_74006","0.7"
"bookuber_20540","tripadvisor_8377","0.7999999999999999"
"bookuber_18520","tripadvisor_28570","0.7611111111111111"
"bookuber_21057","tripadvisor_73372","0.7666666666666667"
"bookuber_20256","tripadvisor_78407","0.7052631578947368"
"bookuber_22538","tripadvisor_77187","0.72"
"bookuber_23310","tripadvisor_92796","0.9999999999999999"
"bookuber_23524","tripadvisor_70888","0.7999999999999999"
"bookuber_20373","tripadvisor_53019","0.7454545454545455"
"bookuber_14523","tripadvisor_18971","0.7066666666666667"
"bookuber_25259","tripadvisor_77722","0.86"
"bookuber_17551","tripadvisor_80470","0.7277777777777777"
"bookuber_19117","tripadvisor_70633","0.7"
"bookuber_15077","tripadvisor_12294","0.7416666666666666"
"bookuber_16255","tripadvisor_71514","0.9999999999999999"
"bookuber_22538","tripadvisor_75865","0.7333333333333333"
"bookuber_15654","tripadvisor_52804","0.809090909090909"
"bookuber_16758","tripadvisor_79449","0.7899999999999999"
"bookuber_21084","tripadvisor_70874","0.7277777777777777"
"bookuber_18563","tripadvisor_70285","0.7529411764705881"
"bookuber_9193","tripadvisor_17830","0.7999999999999999"
"bookuber_19383","tripadvisor_70575","0.9066666666666666"
"bookuber_23854","tripadvisor_53631","0.9999999999999999"
"bookuber_17969","tripadvisor_74472","0.7479999999999999"
"bookuber_21385","tripadvisor_71292","0.72"
"bookuber_16232","tripadvisor_54646","0.715625"
"bookuber_24110","tripadvisor_75931","0.9999999999999999"
"bookuber_16606","tripadvisor_79340","0.7374999999999999"
"bookuber_23116","tripadvisor_74084","0.8133333333333334"
"bookuber_23248","tripadvisor_54484","0.7454545454545455"
"bookuber_22008","tripadvisor_70602","0.9999999999999999"
"bookuber_21411","tripadvisor_72740","0.7"
"bookuber_22180","tripadvisor_7928","0.7999999999999999"
"bookuber_8059","tripadvisor_19539","0.9222222222222222"
"bookuber_17785","tripadvisor_70318","0.9999999999999999"
"bookuber_16427","tripadvisor_73151","0.9999999999999999"
"bookuber_23936","tripadvisor_71106","0.9999999999999999"
"bookuber_24207","tripadvisor_73731","0.9999999999999999"
"bookuber_15897","tripadvisor_27495","0.7999999999999999"
"bookuber_18009","tripadvisor_70825","0.7899999999999999"
"bookuber_18085","tripadvisor_70770","0.9999999999999999"
"bookuber_25065","tripadvisor_80234","0.72"
"bookuber_22067","tripadvisor_70317","0.7999999999999999"
"bookuber_17579","tripadvisor_70349","0.9999999999999999"
"bookuber_17115","tripadvisor_71576","0.8249999999999998"
"bookuber_17573","tripadvisor_56760","0.8115384615384617"
"bookuber_14791","tripadvisor_73078","0.9999999999999999"
"bookuber_14886","tripadvisor_54646","0.715625"
"bookuber_24884","tripadvisor_5500","0.7999999999999999"
"bookuber_24304","tripadvisor_70326","0.9999999999999999"
"bookuber_22943","tripadvisor_72889","0.9999999999999999"
"bookuber_25076","tripadvisor_76323","0.8133333333333334"
"bookuber_20300","tripadvisor_54504","0.7899999999999999"
"bookuber_14715","tripadvisor_78907","0.9999999999999999"
"bookuber_22834","tripadvisor_71473","0.9999999999999999"
"bookuber_24621","tripadvisor_75249","0.8157894736842105"
"bookuber_19335","tripadvisor_72047","0.9533333333333333"
"bookuber_15745","tripadvisor_80058","0.72"
"bookuber_21338","tripadvisor_58820","0.7789473684210526"
"bookuber_22834","tripadvisor_71342","0.7"
"bookuber_22028","tripadvisor_11831","0.7999999999999999"
"bookuber_19535","tripadvisor_70941","0.9999999999999999"
"bookuber_14799","tripadvisor_75221","0.7083333333333333"
"bookuber_15430","tripadvisor_80095","0.72"
"bookuber_18514","tripadvisor_50782","0.9631578947368421"
"bookuber_20647","tripadvisor_74210","0.9999999999999999"
"bookuber_21335","tripadvisor_74941","0.93"
"bookuber_19150","tripadvisor_74157","0.7307692307692307"
"bookuber_15267","tripadvisor_75507","0.9999999999999999"
"bookuber_20416","tripadvisor_80594","0.93"
"bookuber_20730","tripadvisor_72146","0.9999999999999999"
"bookuber_18980","tripadvisor_76110","0.7"
"bookuber_25161","tripadvisor_77625","0.7307692307692307"
"bookuber_17032","tripadvisor_70159","0.7333333333333333"
"bookuber_17363","tripadvisor_55597","0.9999999999999999"
"bookuber_25426","tripadvisor_12201","0.7999999999999999"
"bookuber_22715","tripadvisor_70000","0.7083333333333333"
"bookuber_16237","tripadvisor_70770","0.9999999999999999"
"bookuber_16528","tripadvisor_53619","0.9999999999999999"
"bookuber_22538","tripadvisor_70802","0.8444444444444444"
"bookuber_15147","tripadvisor_53676","0.8923076923076924"
"bookuber_21599","tripadvisor_74941","0.93"
"bookuber_20954","tripadvisor_78112","0.7"
"bookuber_23958","tripadvisor_71027","0.7899999999999999"
"bookuber_20946","tripadvisor_73580","0.9999999999999999"
"bookuber_24969","tripadvisor_95922","0.7999999999999999"
"bookuber_21967","tripadvisor_27775","0.75625"
"bookuber_20774","tripadvisor_27860","0.7999999999999999"
"bookuber_17550","tripadvisor_74157","0.7307692307692307"
"bookuber_15745","tripadvisor_76017","0.7899999999999999"
"bookuber_17119","tripadvisor_54118","0.9695652173913044"
"bookuber_20647","tripadvisor_78952","0.72"
"bookuber_17271","tripadvisor_73736","0.72"
"bookuber_19958","tripadvisor_81376","0.7083333333333333"
"bookuber_9055","tripadvisor_71811","0.7461538461538462"
"bookuber_17089","tripadvisor_70072","0.9999999999999999"
"bookuber_14752","tripadvisor_70888","0.7999999999999999"
"bookuber_17284","tripadvisor_75922","0.9999999999999999"
"bookuber_16078","tripadvisor_71367","0.9999999999999999"
"bookuber_15937","tripadvisor_72740","0.7"
"bookuber_23629","tripadvisor_94129","0.7999999999999999"
"bookuber_24648","tripadvisor_80152","0.7374999999999999"
"bookuber_24565","tripadvisor_93388","0.726086956521739"
"bookuber_22229","tripadvisor_70099","0.9999999999999999"
"bookuber_18703","tripadvisor_53274","0.9999999999999999"
"bookuber_25304","tripadvisor_75646","0.72"
"bookuber_21249","tripadvisor_70268","0.9999999999999999"
"bookuber_22991","tripadvisor_70172","0.9999999999999999"
"bookuber_17303","tripadvisor_71506","0.9363636363636364"
"bookuber_15053","tripadvisor_52305","0.7499999999999999"
"bookuber_23715","tripadvisor_70842","0.9999999999999999"
"bookuber_16758","tripadvisor_81710","0.72"
"bookuber_18801","tripadvisor_53372","0.9562499999999999"
"bookuber_21837","tripadvisor_72047","0.9533333333333333"
"bookuber_3609","tripadvisor_72576","0.7083333333333333"
"bookuber_19913","tripadvisor_73642","0.9461538461538462"
"bookuber_24804","tripadvisor_22704","0.7999999999999999"
"bookuber_22715","tripadvisor_70276","0.7083333333333333"
"bookuber_20247","tripadvisor_92441","0.9999999999999999"
"bookuber_575","tripadvisor_78913","0.7136363636363635"
"bookuber_18453","tripadvisor_72007","0.9999999999999999"
"bookuber_24504","tripadvisor_74084","0.8133333333333334"
"bookuber_25304","tripadvisor_80898","0.7454545454545455"
"bookuber_19818","tripadvisor_56527","0.7083333333333333"
"bookuber_24563","tripadvisor_75803","0.7038461538461538"
"bookuber_19279","tripadvisor_70480","0.9999999999999999"
"bookuber_19984","tripadvisor_79646","0.72"
"bookuber_20225","tripadvisor_70349","0.9999999999999999"
"bookuber_18285","tripadvisor_72808","0.9999999999999999"
"bookuber_18563","tripadvisor_81279","0.711764705882353"
"bookuber_14959","tripadvisor_92796","0.9999999999999999"
"bookuber_23619","tripadvisor_37975","0.7999999999999999"
"bookuber_15358","tripadvisor_72355","0.7083333333333333"
"bookuber_20716","tripadvisor_72224","0.8249999999999998"
"bookuber_17998","tripadvisor_94917","0.7999999999999999"
"bookuber_22877","tripadvisor_50445","0.9999999999999999"
"bookuber_18968","tripadvisor_71301","0.7"
"bookuber_23105","tripadvisor_71421","0.9999999999999999"
"bookuber_21526","tripadvisor_54426","0.9999999999999999"
"bookuber_16741","tripadvisor_27823","0.7681818181818182"
"bookuber_17271","tripadvisor_74824","0.7277777777777777"
"bookuber_25477","tripadvisor_79485","0.72"
"bookuber_19345","tripadvisor_96222","0.7999999999999999"
"bookuber_19860","tripadvisor_78152","0.7454545454545455"
"bookuber_18408","tripadvisor_79572","0.7"
"bookuber_25457","tripadvisor_94107","0.7999999999999999"
"bookuber_23679","tripadvisor_71606","0.9999999999999999"
"bookuber_16568","tripadvisor_70640","0.8949999999999999"
"bookuber_20868","tripadvisor_94258","0.7999999999999999"
"bookuber_18369","tripadvisor_50594","0.9999999999999999"
"bookuber_6552","tripadvisor_71198","0.7613636363636364"
"bookuber_24805","tripadvisor_73057","0.8055555555555555"
"bookuber_19249","tripadvisor_75306","0.7421052631578947"
"bookuber_19860","tripadvisor_82195","0.7454545454545455"
"bookuber_19818","tripadvisor_54375","0.9999999999999999"
"bookuber_25326","tripadvisor_74778","0.7277777777777777"
"bookuber_17852","tripadvisor_71860","0.9999999999999999"
"bookuber_15264","tripadvisor_57579","0.711764705882353"
"bookuber_24362","tripadvisor_71448","0.93"
"bookuber_20855","tripadvisor_70193","0.9999999999999999"
"bookuber_18494","tripadvisor_70055","0.9533333333333333"
"bookuber_17627","tripadvisor_58326","0.9999999999999999"
"bookuber_23404","tripadvisor_11823","0.7999999999999999"
"bookuber_21599","tripadvisor_70297","0.7083333333333333"
"bookuber_20691","tripadvisor_70622","0.9999999999999999"
"bookuber_20918","tripadvisor_70395","0.9999999999999999"
"bookuber_9409","tripadvisor_82322","0.72"
"bookuber_25497","tripadvisor_94810","0.7999999999999999"
"bookuber_17931","tripadvisor_9853","0.7999999999999999"
"bookuber_24077","tripadvisor_53714","0.9222222222222222"
"bookuber_20943","tripadvisor_71186","0.9999999999999999"
"bookuber_22915","tripadvisor_54484","0.7454545454545455"
"bookuber_23570","tripadvisor_73151","0.9999999999999999"
"bookuber_21335","tripadvisor_70297","0.7083333333333333"
"bookuber_14892","tripadvisor_76776","0.7"
"bookuber_15113","tripadvisor_74649","0.9999999999999999"
"bookuber_25365","tripadvisor_51268","0.7407407407407407"
"bookuber_1324","tripadvisor_56064","0.9999999999999999"
"bookuber_17969","tripadvisor_71866","0.725"
"bookuber_19306","tripadvisor_94712","0.744"
"bookuber_24563","tripadvisor_80949","0.7307692307692307"
"bookuber_15430","tripadvisor_77466","0.809090909090909"
"bookuber_25076","tripadvisor_69942","0.72"
"bookuber_16179","tripadvisor_75244","0.7"
"bookuber_15430","tripadvisor_77200","0.93"
"bookuber_16175","tripadvisor_11873","0.7999999999999999"
"bookuber_15779","tripadvisor_70285","0.7529411764705881"
"bookuber_19525","tripadvisor_70923","0.9999999999999999"
"bookuber_23276","tripadvisor_54421","0.9999999999999999"
"bookuber_22249","tripadvisor_77635","0.9416666666666665"
"bookuber_24563","tripadvisor_70037","0.9999999999999999"
"bookuber_14753","tripadvisor_59403","0.9999999999999999"
"bookuber_18508","tripadvisor_70172","0.9999999999999999"
"bookuber_23749","tripadvisor_71007","0.9999999999999999"
"bookuber_20530","tripadvisor_79901","0.7374999999999999"
"bookuber_16946","tripadvisor_70134","0.9999999999999999"
"bookuber_24504","tripadvisor_72741","0.7"
"bookuber_19708","tripadvisor_78423","0.711764705882353"
"bookuber_19265","tripadvisor_50880","0.9999999999999999"
"bookuber_25325","tripadvisor_79340","0.7374999999999999"
"bookuber_22508","tripadvisor_70134","0.9999999999999999"
"bookuber_16285","tripadvisor_70440","0.7666666666666667"
"bookuber_21848","tripadvisor_75403","0.9999999999999999"
"bookuber_19958","tripadvisor_70389","0.7"
"bookuber_23939","tripadvisor_27495","0.7999999999999999"
"bookuber_21095","tripadvisor_70538","0.9999999999999999"
"bookuber_17785","tripadvisor_77322","0.7"
"bookuber_18558","tripadvisor_78306","0.711764705882353"
"bookuber_21087","tripadvisor_27775","0.75625"
"bookuber_20730","tripadvisor_72376","0.7666666666666667"
"bookuber_17185","tripadvisor_72010","0.9999999999999999"
"bookuber_20765","tripadvisor_71995","0.9999999999999999"
"bookuber_22789","tripadvisor_28570","0.7611111111111111"
"bookuber_14789","tripadvisor_92116","0.9999999999999999"
"bookuber_14751","tripadvisor_52305","0.7499999999999999"
"bookuber_22622","tripadvisor_72671","0.9999999999999999"
"bookuber_15406","tripadvisor_75922","0.9999999999999999"
"bookuber_21878","tripadvisor_12721","0.7999999999999999"
"bookuber_22538","tripadvisor_81973","0.7666666666666667"
"bookuber_5575","tripadvisor_1159","0.72"
"bookuber_18968","tripadvisor_70326","0.9999999999999999"
"bookuber_22597","tripadvisor_91859","0.7307692307692307"
"bookuber_25770","tripadvisor_69980","0.7"
"bookuber_21667","tripadvisor_27537","0.7999999999999999"
"bookuber_20458","tripadvisor_77311","0.7307692307692307"
"bookuber_15840","tripadvisor_70694","0.9999999999999999"
"bookuber_20246","tripadvisor_70565","0.7666666666666667"
"bookuber_22389","tripadvisor_54518","0.9416666666666665"
"bookuber_15358","tripadvisor_77907","0.7666666666666667"
"bookuber_20426","tripadvisor_7125","0.7999999999999999"
"bookuber_17097","tripadvisor_94135","0.75"
"bookuber_17959","tripadvisor_94712","0.744"
"bookuber_21431","tripadvisor_92061","0.86"
"bookuber_25161","tripadvisor_74210","0.9999999999999999"
"bookuber_24097","tripadvisor_80594","0.93"
"bookuber_23977","tripadvisor_71186","0.9999999999999999"
"bookuber_22889","tripadvisor_51993","0.72"
"bookuber_18660","tripadvisor_53918","0.9999999999999999"
"bookuber_15745","tripadvisor_76199","0.72"
"bookuber_10298","tripadvisor_56713","0.9999999999999999"
"bookuber_25678","tripadvisor_71920","0.7499999999999999"
"bookuber_17945","tripadvisor_75729","0.7374999999999999"
"bookuber_23664","tripadvisor_72931","0.9416666666666665"
"bookuber_20647","tripadvisor_77625","0.7307692307692307"
"bookuber_20060","tripadvisor_70268","0.9999999999999999"
"bookuber_19697","tripadvisor_53578","0.9999999999999999"
"bookuber_23888","tripadvisor_71397","0.9999999999999999"
"bookuber_25793","tripadvisor_58820","0.7789473684210526"
"bookuber_17573","tripadvisor_56983","0.7666666666666667"
"bookuber_19117","tripadvisor_71943","0.9999999999999999"
"bookuber_24143","tripadvisor_72010","0.9999999999999999"
"bookuber_23086","tripadvisor_50533","0.7999999999999999"
"bookuber_16971","tripadvisor_81126","0.9999999999999999"
"bookuber_19708","tripadvisor_76124","0.711764705882353"
"bookuber_20436","tripadvisor_94195","0.7999999999999999"
"bookuber_17199","tripadvisor_94157","0.7999999999999999"
"bookuber_22715","tripadvisor_70045","0.7"
"bookuber_15937","tripadvisor_75179","0.9999999999999999"
"bookuber_16063","tripadvisor_73929","0.86"
"bookuber_25142","tripadvisor_70897","0.7899999999999999"
"bookuber_17782","tripadvisor_78782","0.7083333333333333"
"bookuber_17032","tripadvisor_69960","0.9999999999999999"
"bookuber_23979","tripadvisor_91895","0.7454545454545455"
"bookuber_22684","tripadvisor_70953","0.9999999999999999"
"bookuber_17755","tripadvisor_52589","0.7083333333333333"
"bookuber_19038","tripadvisor_70561","0.9533333333333333"
"bookuber_15316","tripadvisor_71069","0.72"
"bookuber_19934","tripadvisor_73651","0.7899999999999999"
"bookuber_19874","tripadvisor_94177","0.7999999999999999"
"bookuber_22938","tripadvisor_71519","0.9666666666666667"
"bookuber_19984","tripadvisor_72404","0.7666666666666667"
"bookuber_18123","tripadvisor_70938","0.9500000000000001"
"bookuber_24361","tripadvisor_76282","0.8833333333333334"
"bookuber_23734","tripadvisor_71294","0.9562499999999999"
"bookuber_25034","tripadvisor_95043","0.7999999999999999"
"bookuber_15092","tripadvisor_12255","0.7999999999999999"
"bookuber_8229","tripadvisor_18541","0.7533333333333333"
"bookuber_17115","tripadvisor_75093","0.7941176470588235"
"bookuber_17782","tripadvisor_78657","0.72"
"bookuber_17312","tripadvisor_73783","0.7307692307692307"
"bookuber_18448","tripadvisor_70349","0.9999999999999999"
"bookuber_18975","tripadvisor_70159","0.9999999999999999"
"bookuber_17330","tripadvisor_71385","0.7999999999999999"
"bookuber_25142","tripadvisor_70802","0.8444444444444444"
"bookuber_25770","tripadvisor_71413","0.7333333333333333"
"bookuber_24562","tripadvisor_50564","0.9588235294117647"
"bookuber_20954","tripadvisor_73134","0.7"
"bookuber_20716","tripadvisor_77608","0.7"
"bookuber_15430","tripadvisor_80147","0.7899999999999999"
"bookuber_19708","tripadvisor_80152","0.7374999999999999"
"bookuber_17115","tripadvisor_70576","0.7"
"bookuber_25206","tripadvisor_79901","0.7374999999999999"
"bookuber_17049","tripadvisor_71812","0.9999999999999999"
"bookuber_20246","tripadvisor_81024","0.8055555555555555"
"bookuber_18830","tripadvisor_72415","0.7999999999999999"
"bookuber_24504","tripadvisor_70253","0.7529411764705881"
"bookuber_1143","tripadvisor_75951","0.9999999999999999"
"bookuber_19289","tripadvisor_72548","0.7999999999999999"
"bookuber_17226","tripadvisor_27544","0.7999999999999999"
"bookuber_24816","tripadvisor_75871","0.7083333333333333"
"bookuber_24874","tripadvisor_56668","0.7307692307692307"
"bookuber_18253","tripadvisor_74107","0.7666666666666667"
"bookuber_15358","tripadvisor_79191","0.7666666666666667"
"bookuber_24617","tripadvisor_73736","0.72"
"bookuber_20015","tripadvisor_72204","0.7499999999999999"
"bookuber_18106","tripadvisor_70648","0.7"
"bookuber_16606","tripadvisor_80789","0.7666666666666667"
"bookuber_14959","tripadvisor_91859","0.7307692307692307"
"bookuber_23715","tripadvisor_70623","0.7666666666666667"
"bookuber_25677","tripadvisor_75401","0.7999999999999999"
"bookuber_22626","tripadvisor_71663","0.7999999999999999"
"bookuber_25326","tripadvisor_70500","0.9999999999999999"
"bookuber_23229","tripadvisor_81130","0.7"
"bookuber_16606","tripadvisor_72299","0.9999999999999999"
"bookuber_17038","tripadvisor_50627","0.7222222222222221"
"bookuber_25660","tripadvisor_71301","0.7"
"bookuber_24134","tripadvisor_70986","0.7421052631578947"
"bookuber_16657","tripadvisor_70796","0.9999999999999999"
"bookuber_21272","tripadvisor_78079","0.7812499999999999"
"bookuber_24541","tripadvisor_5108","0.7999999999999999"
"bookuber_16114","tripadvisor_69960","0.7333333333333333"
"bookuber_20259","tripadvisor_70153","0.9999999999999999"
"bookuber_19984","tripadvisor_78650","0.72"
"bookuber_17308","tripadvisor_71101","0.8133333333333334"
"bookuber_20716","tripadvisor_80562","0.7454545454545455"
"bookuber_22309","tripadvisor_70622","0.9999999999999999"
"bookuber_15541","tripadvisor_71663","0.7999999999999999"
"bookuber_19675","tripadvisor_73045","0.72"
"bookuber_20572","tripadvisor_71920","0.7499999999999999"
"bookuber_25304","tripadvisor_80540","0.72"
"bookuber_23305","tripadvisor_71186","0.9999999999999999"
"bookuber_15727","tripadvisor_70170","0.9999999999999999"
"bookuber_23938","tripadvisor_79739","0.809090909090909"
"bookuber_24386","tripadvisor_75030","0.7307692307692307"
"bookuber_14892","tripadvisor_70713","0.7"
"bookuber_24693","tripadvisor_71899","0.7666666666666667"
"bookuber_15248","tripadvisor_75321","0.72"
"bookuber_15949","tripadvisor_94315","0.7999999999999999"
"bookuber_22214","tripadvisor_79922","0.809090909090909"
"bookuber_19027","tripadvisor_73505","0.72"
"bookuber_19938","tripadvisor_73949","0.7666666666666667"
"bookuber_20897","tripadvisor_50585","0.9999999999999999"
"bookuber_25619","tripadvisor_27554","0.7999999999999999"
"bookuber_17461","tripadvisor_70030","0.7846153846153846"
"bookuber_25325","tripadvisor_78829","0.72"
"bookuber_24816","tripadvisor_78262","0.9999999999999999"
"bookuber_24617","tripadvisor_74824","0.7277777777777777"
"bookuber_21057","tripadvisor_70636","0.7666666666666667"
"bookuber_21777","tripadvisor_73651","0.7899999999999999"
"bookuber_19430","tripadvisor_94242","0.7999999999999999"
"bookuber_16656","tripadvisor_53325","0.9999999999999999"
"bookuber_18251","tripadvisor_78952","0.72"
"bookuber_16963","tripadvisor_69938","0.9999999999999999"
"bookuber_23749","tripadvisor_70404","0.7"
"bookuber_22566","tripadvisor_11913","0.7999999999999999"
"bookuber_16738","tripadvisor_70605","0.9999999999999999"
"bookuber_25166","tripadvisor_74410","0.72"
"bookuber_25375","tripadvisor_70068","0.9999999999999999"
"bookuber_20250","tripadvisor_13614","0.7999999999999999"
"bookuber_15357","tripadvisor_7148","0.7999999999999999"
"bookuber_25142","tripadvisor_75865","0.7333333333333333"
"bookuber_18519","tripadvisor_13900","0.7999999999999999"
"bookuber_25659","tripadvisor_52903","0.9125"
"bookuber_25076","tripadvisor_77205","0.7666666666666667"
"bookuber_15587","tripadvisor_78079","0.7812499999999999"
"bookuber_22977","tripadvisor_27537","0.7999999999999999"
"bookuber_15264","tripadvisor_53441","0.7333333333333333"
"bookuber_16474","tripadvisor_70953","0.9999999999999999"
"bookuber_21383","tripadvisor_94195","0.7999999999999999"
"bookuber_22727","tripadvisor_70318","0.9999999999999999"
"bookuber_25325","tripadvisor_71724","0.711764705882353"
"bookuber_17668","tripadvisor_53026","0.9999999999999999"
"bookuber_25142","tripadvisor_77187","0.72"
"bookuber_15429","tripadvisor_28799","0.7999999999999999"
"bookuber_20569","tripadvisor_28172","0.7999999999999999"
"bookuber_15805","tripadvisor_72548","0.7999999999999999"
"bookuber_24648","tripadvisor_78423","0.711764705882353"
"bookuber_23116","tripadvisor_71245","0.7136363636363635"
"bookuber_20925","tripadvisor_74915","0.7083333333333333"
"bookuber_21084","tripadvisor_73446","0.9999999999999999"
"bookuber_21272","tripadvisor_80557","0.9999999999999999"
"bookuber_19486","tripadvisor_72010","0.9999999999999999"
"bookuber_20246","tripadvisor_77134","0.8055555555555555"
"bookuber_24401","tripadvisor_72330","0.9999999999999999"
"bookuber_18980","tripadvisor_82127","0.7374999999999999"
"bookuber_17604","tripadvisor_82150","0.7899999999999999"
"bookuber_19386","tripadvisor_70134","0.9999999999999999"
"bookuber_9073","tripadvisor_19447","0.7222222222222221"
"bookuber_20400","tripadvisor_72356","0.9999999999999999"
"bookuber_15451","tripadvisor_53676","0.8923076923076924"
"bookuber_24426","tripadvisor_53917","0.9999999999999999"
"bookuber_22597","tripadvisor_92796","0.9999999999999999"
"bookuber_19246","tripadvisor_79492","0.72"
"bookuber_14791","tripadvisor_70249","0.7454545454545455"
"bookuber_21755","tripadvisor_57879","0.809090909090909"
"bookuber_19899","tripadvisor_71939","0.9999999999999999"
"bookuber_19492","tripadvisor_76717","0.9999999999999999"
"bookuber_3609","tripadvisor_71786","0.8833333333333334"
"bookuber_20136","tripadvisor_29558","0.7999999999999999"
"bookuber_25142","tripadvisor_72223","0.7529411764705881"
"bookuber_19751","tripadvisor_71812","0.9999999999999999"
"bookuber_19265","tripadvisor_51879","0.7666666666666667"
"bookuber_23679","tripadvisor_80845","0.7789473684210526"
"bookuber_18251","tripadvisor_77625","0.7307692307692307"
"bookuber_19653","tripadvisor_94711","0.7999999999999999"
"bookuber_10044","tripadvisor_53080","0.7083333333333333"
"bookuber_19461","tripadvisor_70900","0.9999999999999999"
"bookuber_18343","tripadvisor_53649","0.9999999999999999"
"bookuber_17997","tripadvisor_73361","0.9999999999999999"
"bookuber_24019","tripadvisor_73151","0.9999999999999999"
"bookuber_20656","tripadvisor_70188","0.7999999999999999"
"bookuber_17328","tripadvisor_53071","0.93"
"bookuber_24077","tripadvisor_56095","0.72"
"bookuber_23285","tripadvisor_70159","0.9999999999999999"
"bookuber_25661","tripadvisor_70460","0.9999999999999999"
"bookuber_23709","tripadvisor_96224","0.7999999999999999"
"bookuber_7834","tripadvisor_53412","0.9363636363636364"
"bookuber_22472","tripadvisor_70648","0.7"
"bookuber_23486","tripadvisor_53291","0.9999999999999999"
"bookuber_17676","tripadvisor_57879","0.809090909090909"
"bookuber_15204","tripadvisor_70728","0.7999999999999999"
"bookuber_20483","tripadvisor_72404","0.9999999999999999"
"bookuber_17945","tripadvisor_78822","0.72"
"bookuber_21741","tripadvisor_5324","0.73"
"bookuber_19302","tripadvisor_75600","0.7374999999999999"
"bookuber_9409","tripadvisor_75155","0.7"
"bookuber_20085","tripadvisor_28799","0.7999999999999999"
"bookuber_25065","tripadvisor_76028","0.9999999999999999"
"bookuber_18123","tripadvisor_76685","0.7421052631578947"
"bookuber_24610","tripadvisor_69986","0.9999999999999999"
"bookuber_15587","tripadvisor_80557","0.9999999999999999"
"bookuber_16606","tripadvisor_71708","0.72"
"bookuber_20890","tripadvisor_70099","0.9999999999999999"
"bookuber_14980","tripadvisor_71277","0.7222222222222221"
"bookuber_19171","tripadvisor_70297","0.7083333333333333"
"bookuber_15634","tripadvisor_70575","0.9066666666666666"
"bookuber_25660","tripadvisor_70326","0.9999999999999999"
"bookuber_23116","tripadvisor_79574","0.85"
"bookuber_16319","tripadvisor_91850","0.9999999999999999"
"bookuber_18780","tripadvisor_27799","0.7999999999999999"
"bookuber_25142","tripadvisor_74508","0.8133333333333334"
"bookuber_23865","tripadvisor_27642","0.7363636363636363"
"bookuber_21057","tripadvisor_70529","0.8133333333333334"
"bookuber_16462","tripadvisor_71072","0.9999999999999999"
"bookuber_16706","tripadvisor_74909","0.908695652173913"
"bookuber_18563","tripadvisor_81202","0.711764705882353"
"bookuber_23649","tripadvisor_70928","0.9999999999999999"
"bookuber_18837","tripadvisor_53024","0.965"
"bookuber_18660","tripadvisor_56962","0.7307692307692307"
"bookuber_21185","tripadvisor_55617","0.9999999999999999"
"bookuber_21476","tripadvisor_59168","0.9999999999999999"
"bookuber_24648","tripadvisor_76124","0.711764705882353"
"bookuber_14021","tripadvisor_17655","0.9999999999999999"
"bookuber_1864","tripadvisor_76688","0.9999999999999999"
"bookuber_24874","tripadvisor_52817","0.8923076923076924"
"bookuber_22575","tripadvisor_77635","0.9416666666666665"
"bookuber_20716","tripadvisor_71749","0.7"
"bookuber_20727","tripadvisor_95922","0.7999999999999999"
"bookuber_17908","tripadvisor_59403","0.9999999999999999"
"bookuber_19543","tripadvisor_70774","0.9999999999999999"
"bookuber_23970","tripadvisor_71939","0.7529411764705881"
"bookuber_19891","tripadvisor_12255","0.7999999999999999"
"bookuber_18975","tripadvisor_69960","0.7333333333333333"
"bookuber_1143","tripadvisor_80064","0.7083333333333333"
"bookuber_17418","tripadvisor_23306","0.7999999999999999"
"bookuber_21272","tripadvisor_73172","0.8133333333333334"
"bookuber_23801","tripadvisor_78620","0.72"
"bookuber_20300","tripadvisor_54939","0.9999999999999999"
"bookuber_24504","tripadvisor_71245","0.7136363636363635"
"bookuber_25065","tripadvisor_70149","0.7666666666666667"
"bookuber_15264","tripadvisor_57150","0.7789473684210526"
"bookuber_21851","tripadvisor_75611","0.9999999999999999"
"bookuber_18938","tripadvisor_72444","0.9999999999999999"
"bookuber_22538","tripadvisor_70897","0.7899999999999999"
"bookuber_19492","tripadvisor_77194","0.7083333333333333"
"bookuber_25325","tripadvisor_72299","0.9999999999999999"
"bookuber_17543","tripadvisor_71260","0.9125"
"bookuber_16768","tripadvisor_95267","0.7222222222222221"
"bookuber_19535","tripadvisor_76514","0.7"
"bookuber_1807","tripadvisor_73816","0.9"
"bookuber_19283","tripadvisor_94225","0.7999999999999999"
"bookuber_19268","tripadvisor_73642","0.9461538461538462"
"bookuber_20158","tripadvisor_70457","0.86"
"bookuber_25468","tripadvisor_71811","0.9461538461538462"
"bookuber_14886","tripadvisor_57440","0.72"
"bookuber_19864","tripadvisor_70519","0.9999999999999999"
"bookuber_16244","tripadvisor_71233","0.7"
"bookuber_19900","tripadvisor_28799","0.7999999999999999"
"bookuber_20373","tripadvisor_52804","0.809090909090909"
"bookuber_16114","tripadvisor_70159","0.9999999999999999"
"bookuber_7269","tripadvisor_73863","0.9999999999999999"
"bookuber_25325","tripadvisor_80789","0.7666666666666667"
"bookuber_21052","tripadvisor_53649","0.9999999999999999"
"bookuber_19580","tripadvisor_70715","0.9999999999999999"
"bookuber_18600","tripadvisor_70395","0.9999999999999999"
"bookuber_19977","tripadvisor_70569","0.9999999999999999"
"bookuber_14797","tripadvisor_71123","0.9999999999999999"
"bookuber_18893","tripadvisor_70451","0.7999999999999999"
"bookuber_21028","tripadvisor_74126","0.72"
"bookuber_23850","tripadvisor_73381","0.9999999999999999"
"bookuber_16642","tripadvisor_96224","0.7999999999999999"
"bookuber_17836","tripadvisor_78287","0.7052631578947368"
"bookuber_24035","tripadvisor_70538","0.9999999999999999"
"bookuber_17115","tripadvisor_78408","0.7529411764705881"
"bookuber_15264","tripadvisor_53677","0.7277777777777777"
"bookuber_25304","tripadvisor_73185","0.9999999999999999"
"bookuber_22700","tripadvisor_74841","0.7"
"bookuber_15654","tripadvisor_53019","0.7454545454545455"
"bookuber_9409","tripadvisor_81436","0.72"
"bookuber_23147","tripadvisor_51879","0.7666666666666667"
"bookuber_25142","tripadvisor_81973","0.7666666666666667"
"bookuber_16705","tripadvisor_70301","0.9125"
"bookuber_16606","tripadvisor_71724","0.711764705882353"
"bookuber_24504","tripadvisor_79574","0.85"
"bookuber_22202","tripadvisor_71932","0.72"
"bookuber_16982","tripadvisor_7148","0.7999999999999999"
"bookuber_16527","tripadvisor_95043","0.7999999999999999"
"bookuber_20350","tripadvisor_72206","0.9999999999999999"
"bookuber_19171","tripadvisor_74941","0.93"
"bookuber_15745","tripadvisor_75275","0.72"
"bookuber_16232","tripadvisor_57440","0.72"
"bookuber_15587","tripadvisor_73172","0.8133333333333334"
"bookuber_17852","tripadvisor_76856","0.7083333333333333"
"bookuber_22723","tripadvisor_78765","0.72"
"bookuber_25666","tripadvisor_77665","0.9999999999999999"
"bookuber_16921","tripadvisor_71421","0.9999999999999999"
"bookuber_18009","tripadvisor_70875","0.7666666666666667"
"bookuber_18123","tripadvisor_75543","0.8249999999999998"
"bookuber_21057","tripadvisor_70858","0.9999999999999999"
"bookuber_23193","tripadvisor_71426","0.9066666666666666"
"bookuber_19334","tripadvisor_4810","0.763157894736842"
"bookuber_23493","tripadvisor_50570","0.8384615384615383"
"bookuber_24454","tripadvisor_70451","0.7999999999999999"
"bookuber_20999","tripadvisor_27747","0.7999999999999999"
"bookuber_23231","tripadvisor_71121","0.9999999999999999"
"bookuber_22727","tripadvisor_77322","0.7"
"bookuber_16975","tripadvisor_78620","0.72"
"bookuber_20355","tripadvisor_12418","0.7999999999999999"
"bookuber_21267","tripadvisor_71977","0.9999999999999999"
"bookuber_17328","tripadvisor_53196","0.72"
"bookuber_17755","tripadvisor_50580","0.9999999999999999"
"bookuber_16606","tripadvisor_78829","0.72"
"bookuber_17115","tripadvisor_70331","0.72"
"bookuber_18251","tripadvisor_74210","0.9999999999999999"
"bookuber_24840","tripadvisor_60010","0.9999999999999999"
"bookuber_17589","tripadvisor_53026","0.9999999999999999"
"bookuber_16430","tripadvisor_73358","0.9666666666666667"
"bookuber_20572","tripadvisor_72228","0.7"
"bookuber_19246","tripadvisor_70055","0.9533333333333333"
"bookuber_14799","tripadvisor_70160","0.9999999999999999"
"bookuber_15537","tripadvisor_70573","0.9999999999999999"
"bookuber_15264","tripadvisor_57398","0.7052631578947368"
"bookuber_21272","tripadvisor_80204","0.7421052631578947"
"bookuber_17626","tripadvisor_28018","0.7999999999999999"
"bookuber_23116","tripadvisor_70253","0.7529411764705881"
"bookuber_24945","tripadvisor_94145","0.75625"
"bookuber_18921","tripadvisor_91850","0.9999999999999999"
"bookuber_23610","tripadvisor_96224","0.7999999999999999"
"bookuber_19320","tripadvisor_75633","0.7277777777777777"
"bookuber_19302","tripadvisor_80511","0.9999999999999999"
"bookuber_17062","tripadvisor_27642","0.7363636363636363"
"bookuber_24212","tripadvisor_4691","0.7999999999999999"
"bookuber_20050","tripadvisor_53372","0.9562499999999999"
"bookuber_23801","tripadvisor_70688","0.72"
"bookuber_22202","tripadvisor_73146","0.72"
"bookuber_19027","tripadvisor_78595","0.72"
"bookuber_19938","tripadvisor_80391","0.7374999999999999"
"bookuber_14799","tripadvisor_76049","0.7083333333333333"
"bookuber_23310","tripadvisor_91859","0.7307692307692307"
"bookuber_22308","tripadvisor_72808","0.9999999999999999"
"bookuber_23158","tripadvisor_72668","0.9999999999999999"
"bookuber_21028","tripadvisor_74105","0.9999999999999999"
"bookuber_19027","tripadvisor_81162","0.72"
"bookuber_7151","tripadvisor_78319","0.7307692307692307"
"bookuber_23285","tripadvisor_69960","0.7333333333333333"
"bookuber_24573","tripadvisor_71689","0.9999999999999999"
"bookuber_22038","tripadvisor_50594","0.9999999999999999"
"bookuber_23175","tripadvisor_59168","0.9999999999999999"
"bookuber_23519","tripadvisor_58303","0.72"
"bookuber_21057","tripadvisor_76775","0.7421052631578947"
"bookuber_20483","tripadvisor_74988","0.7083333333333333"
"bookuber_14714","tripadvisor_23109","0.7999999999999999"
"bookuber_18164","tripadvisor_94180","0.7999999999999999"
"bookuber_17312","tripadvisor_69978","0.9999999999999999"
"bookuber_16975","tripadvisor_70688","0.72"
"bookuber_15742","tripadvisor_53291","0.9999999999999999"
"bookuber_19249","tripadvisor_79464","0.7869565217391304"
"bookuber_3492","tripadvisor_18026","0.75"
"bookuber_20456","tripadvisor_50435","0.9999999999999999"
"bookuber_15621","tripadvisor_50627","0.7222222222222221"
"bookuber_22003","tripadvisor_5034","0.73"
"bookuber_15587","tripadvisor_80204","0.7421052631578947"
"bookuber_1807","tripadvisor_74279","0.7"
"bookuber_18183","tripadvisor_5028","0.7999999999999999"
"bookuber_20501","tripadvisor_5182","0.7999999999999999"
"bookuber_1143","tripadvisor_76266","0.8249999999999998"
"bookuber_22052","tripadvisor_53806","0.9222222222222222"
"bookuber_24676","tripadvisor_70111","0.9999999999999999"
"bookuber_20176","tripadvisor_4691","0.7999999999999999"
"bookuber_22052","tripadvisor_53807","0.9222222222222222"
"bookuber_23540","tripadvisor_82195","0.7454545454545455"
"bookuber_14849","tripadvisor_27934","0.7"
"bookuber_18456","tripadvisor_71606","0.9999999999999999"
"bookuber_1598","tripadvisor_78229","0.7"
"bookuber_18408","tripadvisor_74070","0.809090909090909"
"bookuber_25325","tripadvisor_71708","0.72"
"bookuber_21061","tripadvisor_59403","0.9999999999999999"
"bookuber_1143","tripadvisor_79760","0.7812499999999999"
"bookuber_19447","tripadvisor_70808","0.809090909090909"
"bookuber_25531","tripadvisor_12094","0.7999999999999999"
"bookuber_15358","tripadvisor_78082","0.7666666666666667"
"bookuber_22636","tripadvisor_71510","0.7"
"bookuber_25514","tripadvisor_70697","0.9562499999999999"
"bookuber_23540","tripadvisor_78152","0.7454545454545455"
"bookuber_25678","tripadvisor_71874","0.7666666666666667"
"bookuber_20256","tripadvisor_70124","0.9999999999999999"
"bookuber_15779","tripadvisor_81202","0.711764705882353"
"bookuber_17029","tripadvisor_7058","0.7999999999999999"
"bookuber_22112","tripadvisor_72284","0.72"
"bookuber_14830","tripadvisor_5695","0.7999999999999999"
"bookuber_23779","tripadvisor_70378","0.9999999999999999"
"bookuber_23664","tripadvisor_79646","0.7083333333333333"
"bookuber_24298","tripadvisor_70573","0.9999999999999999"
"bookuber_17475","tripadvisor_72013","0.7374999999999999"
"bookuber_23922","tripadvisor_6092","0.7999999999999999"
"bookuber_21057","tripadvisor_81212","0.7941176470588235"
"bookuber_15157","tripadvisor_23880","0.73"
"bookuber_21057","tripadvisor_76496","0.72"
"bookuber_25234","tripadvisor_78407","0.7052631578947368"
"bookuber_22263","tripadvisor_51604","0.9999999999999999"
"bookuber_17328","tripadvisor_53888","0.72"
"bookuber_25538","tripadvisor_72828","0.9999999999999999"
"bookuber_18558","tripadvisor_78817","0.711764705882353"
"bookuber_22715","tripadvisor_80521","0.8249999999999998"
"bookuber_25161","tripadvisor_80095","0.72"
"bookuber_21057","tripadvisor_72623","0.7789473684210526"
"bookuber_17840","tripadvisor_70239","0.9999999999999999"
"bookuber_22214","tripadvisor_77440","0.7083333333333333"
"bookuber_15430","tripadvisor_77625","0.7307692307692307"
"bookuber_15995","tripadvisor_94180","0.7999999999999999"
"bookuber_22658","tripadvisor_70537","0.9999999999999999"
"bookuber_15267","tripadvisor_79739","0.809090909090909"
"bookuber_21629","tripadvisor_74526","0.9999999999999999"
"bookuber_25166","tripadvisor_71101","0.8133333333333334"
"bookuber_19027","tripadvisor_79340","0.7374999999999999"
"bookuber_23268","tripadvisor_94187","0.7999999999999999"
"bookuber_24123","tripadvisor_70404","0.7"
"bookuber_24867","tripadvisor_79572","0.7"
"bookuber_20733","tripadvisor_70460","0.9999999999999999"
"bookuber_19504","tripadvisor_70301","0.9125"
"bookuber_16670","tripadvisor_53274","0.9999999999999999"
"bookuber_21627","tripadvisor_27919","0.7999999999999999"
"bookuber_5101","tripadvisor_19017","0.7999999999999999"
"bookuber_17782","tripadvisor_75729","0.72"
"bookuber_18069","tripadvisor_94208","0.7"
"bookuber_12870","tripadvisor_53526","0.725"
"bookuber_16996","tripadvisor_70423","0.7799999999999999"
"bookuber_24562","tripadvisor_51348","0.7529411764705881"
"bookuber_25770","tripadvisor_80562","0.7454545454545455"
"bookuber_9409","tripadvisor_75443","0.7052631578947368"
"bookuber_16219","tripadvisor_72577","0.9611111111111111"
"bookuber_19938","tripadvisor_74361","0.9999999999999999"
"bookuber_16550","tripadvisor_52934","0.9999999999999999"
"bookuber_22202","tripadvisor_73953","0.72"
"bookuber_24816","tripadvisor_80906","0.8727272727272727"
"bookuber_16880","tripadvisor_73812","0.9999999999999999"
"bookuber_22232","tripadvisor_11797","0.7999999999999999"
"bookuber_21374","tripadvisor_75208","0.7277777777777777"
"bookuber_19668","tripadvisor_11780","0.763157894736842"
"bookuber_23233","tripadvisor_54092","0.9999999999999999"
"bookuber_15960","tripadvisor_27934","0.7"
"bookuber_20647","tripadvisor_77466","0.809090909090909"
"bookuber_19628","tripadvisor_27554","0.7999999999999999"
"bookuber_22808","tripadvisor_53614","0.9999999999999999"
"bookuber_21057","tripadvisor_71402","0.8133333333333334"
"bookuber_3609","tripadvisor_70855","0.8249999999999998"
"bookuber_12870","tripadvisor_56188","0.725"
"bookuber_25142","tripadvisor_81134","0.86"
"bookuber_25678","tripadvisor_78863","0.7999999999999999"
"bookuber_22308","tripadvisor_75244","0.7"
"bookuber_20270","tripadvisor_77806","0.7899999999999999"
"bookuber_21374","tripadvisor_73177","0.9999999999999999"
"bookuber_23765","tripadvisor_28570","0.7611111111111111"
"bookuber_17618","tripadvisor_71221","0.9999999999999999"
"bookuber_20647","tripadvisor_77200","0.93"
"bookuber_18395","tripadvisor_53138","0.8833333333333334"
"bookuber_21411","tripadvisor_70713","0.7"
"bookuber_19302","tripadvisor_76124","0.7529411764705881"
"bookuber_18104","tripadvisor_50600","0.7333333333333333"
"bookuber_24648","tripadvisor_75600","0.9999999999999999"
"bookuber_16960","tripadvisor_6092","0.7999999999999999"
"bookuber_18253","tripadvisor_80267","0.8157894736842105"
"bookuber_19765","tripadvisor_72732","0.9999999999999999"
"bookuber_17573","tripadvisor_54944","0.9999999999999999"
"bookuber_17308","tripadvisor_74410","0.72"
"bookuber_25065","tripadvisor_75729","0.7374999999999999"
"bookuber_1118","tripadvisor_54809","0.9176470588235294"
"bookuber_20483","tripadvisor_77907","0.7666666666666667"
"bookuber_19984","tripadvisor_80464","0.7083333333333333"
"bookuber_23147","tripadvisor_52415","0.7666666666666667"
"bookuber_17969","tripadvisor_71587","0.809090909090909"
"bookuber_19745","tripadvisor_77654","0.725"
"bookuber_25770","tripadvisor_77608","0.7"
"bookuber_20716","tripadvisor_71413","0.7333333333333333"
"bookuber_23988","tripadvisor_27581","0.7999999999999999"
"bookuber_21922","tripadvisor_73730","0.9999999999999999"
"bookuber_17490","tripadvisor_70872","0.9999999999999999"
"bookuber_21912","tripadvisor_72415","0.7999999999999999"
"bookuber_20925","tripadvisor_74250","0.7083333333333333"
"bookuber_21897","tripadvisor_71276","0.9999999999999999"
"bookuber_18119","tripadvisor_75030","0.7307692307692307"
"bookuber_19899","tripadvisor_70543","0.7529411764705881"
"bookuber_19938","tripadvisor_80650","0.8249999999999998"
"bookuber_16078","tripadvisor_75306","0.7421052631578947"
"bookuber_24693","tripadvisor_70875","0.9999999999999999"
"bookuber_25161","tripadvisor_78360","0.72"
"bookuber_19892","tripadvisor_4793","0.7999999999999999"
"bookuber_22827","tripadvisor_72006","0.8833333333333334"
"bookuber_21057","tripadvisor_75044","0.7941176470588235"
"bookuber_25770","tripadvisor_71749","0.7"
"bookuber_17464","tripadvisor_72007","0.9999999999999999"
"bookuber_15801","tripadvisor_37975","0.7999999999999999"
"bookuber_25304","tripadvisor_79805","0.7666666666666667"
"bookuber_20572","tripadvisor_70020","0.7666666666666667"
"bookuber_1044","tripadvisor_75439","0.7666666666666667"
"bookuber_22113","tripadvisor_50522","0.9363636363636364"
"bookuber_21741","tripadvisor_5396","0.73"
"bookuber_19508","tripadvisor_70417","0.9999999999999999"
"bookuber_17782","tripadvisor_80996","0.72"
"bookuber_21956","tripadvisor_92069","0.9461538461538462"
"bookuber_3609","tripadvisor_74226","0.7666666666666667"
"bookuber_20032","tripadvisor_92505","0.75625"
"bookuber_23305","tripadvisor_78491","0.7666666666666667"
"bookuber_24018","tripadvisor_22624","0.7999999999999999"
"bookuber_16823","tripadvisor_53584","0.7666666666666667"
"bookuber_21047","tripadvisor_27594","0.75"
"bookuber_14903","tripadvisor_22665","0.7999999999999999"
"bookuber_18251","tripadvisor_80147","0.7899999999999999"
"bookuber_16863","tripadvisor_71514","0.9999999999999999"
"bookuber_22571","tripadvisor_55436","0.7529411764705881"
"bookuber_25076","tripadvisor_70938","0.9500000000000001"
"bookuber_18253","tripadvisor_74929","0.7565217391304347"
"bookuber_24042","tripadvisor_70423","0.7799999999999999"
"bookuber_22538","tripadvisor_76461","0.7277777777777777"
"bookuber_15058","tripadvisor_71123","0.9999999999999999"
"bookuber_16134","tripadvisor_71277","0.7222222222222221"
"bookuber_20985","tripadvisor_94528","0.7999999999999999"
"bookuber_21202","tripadvisor_96222","0.7999999999999999"
"bookuber_15270","tripadvisor_22569","0.7999999999999999"
"bookuber_22276","tripadvisor_22482","0.7999999999999999"
"bookuber_19492","tripadvisor_74981","0.72"
"bookuber_18123","tripadvisor_69942","0.72"
"bookuber_15080","tripadvisor_71482","0.9999999999999999"
"bookuber_19549","tripadvisor_54450","0.9999999999999999"
"bookuber_16584","tripadvisor_94414","0.7999999999999999"
"bookuber_22202","tripadvisor_69935","0.9999999999999999"
"bookuber_15341","tripadvisor_72963","0.715625"
"bookuber_22889","tripadvisor_51022","0.72"
"bookuber_19249","tripadvisor_71367","0.9999999999999999"
"bookuber_23659","tripadvisor_27495","0.7999999999999999"
"bookuber_15430","tripadvisor_78952","0.72"
"bookuber_20179","tripadvisor_74203","0.7"
"bookuber_22666","tripadvisor_70318","0.9999999999999999"
"bookuber_11975","tripadvisor_54370","0.7"
"bookuber_15727","tripadvisor_76836","0.7454545454545455"
"bookuber_17604","tripadvisor_73876","0.9999999999999999"
"bookuber_23970","tripadvisor_70543","0.9588235294117647"
"bookuber_22104","tripadvisor_73502","0.9999999999999999"
"bookuber_23779","tripadvisor_70255","0.7374999999999999"
"bookuber_24906","tripadvisor_72611","0.9999999999999999"
"bookuber_22715","tripadvisor_75693","0.7083333333333333"
"bookuber_17857","tripadvisor_94414","0.7999999999999999"
"bookuber_19030","tripadvisor_70916","0.9999999999999999"
"bookuber_17388","tripadvisor_71943","0.9999999999999999"
"bookuber_24716","tripadvisor_72582","0.9999999999999999"
"bookuber_15336","tripadvisor_94601","0.7999999999999999"
"bookuber_20483","tripadvisor_72355","0.7083333333333333"
"bookuber_18563","tripadvisor_70505","0.711764705882353"
"bookuber_24906","tripadvisor_74061","0.7277777777777777"
"bookuber_19984","tripadvisor_79191","0.7666666666666667"
"bookuber_16606","tripadvisor_70447","0.7052631578947368"
"bookuber_14743","tripadvisor_50696","0.7999999999999999"
"bookuber_21374","tripadvisor_77730","0.7277777777777777"
"bookuber_23036","tripadvisor_54618","0.9500000000000001"
"bookuber_15822","tripadvisor_94107","0.7999999999999999"
"bookuber_24563","tripadvisor_70621","0.7846153846153846"
"bookuber_18253","tripadvisor_74149","0.7666666666666667"
"bookuber_21084","tripadvisor_76038","0.7"
"bookuber_15370","tripadvisor_70411","0.9695652173913044"
"bookuber_24051","tripadvisor_22987","0.7999999999999999"
"bookuber_19984","tripadvisor_78082","0.7666666666666667"
"bookuber_22321","tripadvisor_23090","0.7999999999999999"
"bookuber_24617","tripadvisor_70819","0.9611111111111111"
"bookuber_19469","tripadvisor_94227","0.7999999999999999"
"bookuber_24743","tripadvisor_28172","0.7999999999999999"
"bookuber_25315","tripadvisor_59168","0.9999999999999999"
"bookuber_21565","tripadvisor_53302","0.9999999999999999"
"bookuber_18253","tripadvisor_77780","0.8055555555555555"
"bookuber_22858","tripadvisor_71860","0.9999999999999999"
"bookuber_20704","tripadvisor_69943","0.9999999999999999"
"bookuber_23240","tripadvisor_70715","0.9999999999999999"
"bookuber_20002","tripadvisor_4907","0.7999999999999999"
"bookuber_3609","tripadvisor_71854","0.7083333333333333"
"bookuber_17193","tripadvisor_5409","0.7999999999999999"
"bookuber_25076","tripadvisor_76979","0.7421052631578947"
"bookuber_19994","tripadvisor_94761","0.7999999999999999"
"bookuber_22538","tripadvisor_72877","0.8055555555555555"
"bookuber_19117","tripadvisor_81130","0.7"
"bookuber_24236","tripadvisor_58326","0.9999999999999999"
"bookuber_17945","tripadvisor_80234","0.72"
"bookuber_3609","tripadvisor_71982","0.7307692307692307"
"bookuber_19822","tripadvisor_27729","0.7999999999999999"
"bookuber_20530","tripadvisor_72206","0.9999999999999999"
"bookuber_15372","tripadvisor_23090","0.7999999999999999"
"bookuber_20637","tripadvisor_6553","0.7999999999999999"
"bookuber_17997","tripadvisor_74953","0.7374999999999999"
"bookuber_22309","tripadvisor_79872","0.7666666666666667"
"bookuber_17281","tripadvisor_73146","0.7454545454545455"
"bookuber_17825","tripadvisor_72445","0.9999999999999999"
"bookuber_12190","tripadvisor_17690","0.9192307692307692"
"bookuber_24035","tripadvisor_76382","0.72"
"bookuber_17982","tripadvisor_70030","0.7846153846153846"
"bookuber_15430","tripadvisor_74210","0.9999999999999999"
"bookuber_24648","tripadvisor_80511","0.7374999999999999"
"bookuber_24073","tripadvisor_70569","0.9999999999999999"
"bookuber_24563","tripadvisor_70636","0.7038461538461538"
"bookuber_20647","tripadvisor_80095","0.72"
"bookuber_23958","tripadvisor_72754","0.7083333333333333"
"bookuber_24586","tripadvisor_70774","0.9999999999999999"
"bookuber_15587","tripadvisor_72741","0.7"
"bookuber_21084","tripadvisor_79530","0.7333333333333333"
"bookuber_16097","tripadvisor_27642","0.7363636363636363"
"bookuber_16388","tripadvisor_23109","0.7999999999999999"
"bookuber_20206","tripadvisor_72129","0.9500000000000001"
"bookuber_17621","tripadvisor_72668","0.9999999999999999"
"bookuber_23415","tripadvisor_82127","0.7374999999999999"
"bookuber_25040","tripadvisor_70130","0.908695652173913"
"bookuber_21451","tripadvisor_70409","0.7533333333333333"
"bookuber_15978","tripadvisor_52875","0.965"
"bookuber_14320","tripadvisor_75999","0.9999999999999999"
"bookuber_15919","tripadvisor_70399","0.9"
"bookuber_21120","tripadvisor_53542","0.9999999999999999"
"bookuber_20601","tripadvisor_73078","0.9999999999999999"
"bookuber_23420","tripadvisor_70113","0.9588235294117647"
"bookuber_21679","tripadvisor_12208","0.732258064516129"
"bookuber_15922","tripadvisor_70808","0.809090909090909"
"bookuber_20572","tripadvisor_77497","0.7374999999999999"
"bookuber_22538","tripadvisor_70334","0.7529411764705881"
"bookuber_19675","tripadvisor_79700","0.72"
"bookuber_23166","tripadvisor_70648","0.7"
"bookuber_16868","tripadvisor_28793","0.7999999999999999"
"bookuber_25326","tripadvisor_75109","0.7052631578947368"
"bookuber_23767","tripadvisor_71499","0.9999999999999999"
"bookuber_17969","tripadvisor_70294","0.7759999999999999"
"bookuber_23308","tripadvisor_56668","0.7307692307692307"
"bookuber_20805","tripadvisor_29747","0.7999999999999999"
"bookuber_25142","tripadvisor_70039","0.9999999999999999"
"bookuber_1201","tripadvisor_53060","0.7083333333333333"
"bookuber_18529","tripadvisor_11958","0.7999999999999999"
"bookuber_23226","tripadvisor_94177","0.7999999999999999"
"bookuber_19286","tripadvisor_70972","0.9999999999999999"
"bookuber_19292","tripadvisor_70188","0.7999999999999999"
"bookuber_17954","tripadvisor_71482","0.9999999999999999"
"bookuber_15745","tripadvisor_74105","0.9999999999999999"
"bookuber_22568","tripadvisor_71426","0.9066666666666666"
"bookuber_22202","tripadvisor_74143","0.72"
"bookuber_25304","tripadvisor_78400","0.7083333333333333"
"bookuber_24231","tripadvisor_70857","0.9999999999999999"
"bookuber_16657","tripadvisor_75249","0.8157894736842105"
"bookuber_18112","tripadvisor_22987","0.7999999999999999"
"bookuber_18558","tripadvisor_73392","0.9999999999999999"
"bookuber_19987","tripadvisor_70323","0.9999999999999999"
"bookuber_17113","tripadvisor_76419","0.9611111111111111"
"bookuber_25161","tripadvisor_77466","0.809090909090909"
"bookuber_16227","tripadvisor_50533","0.7999999999999999"
"bookuber_25161","tripadvisor_77200","0.93"
"bookuber_24536","tripadvisor_70900","0.9999999999999999"
"bookuber_10298","tripadvisor_52773","0.7454545454545455"
"bookuber_25142","tripadvisor_70033","0.7789473684210526"
"bookuber_21272","tripadvisor_72741","0.7"
"bookuber_18815","tripadvisor_75647","0.809090909090909"
"bookuber_18054","tripadvisor_58739","0.9125"
"bookuber_25019","tripadvisor_70160","0.9999999999999999"
"bookuber_20633","tripadvisor_50570","0.8384615384615383"
"bookuber_18123","tripadvisor_76323","0.8133333333333334"
"bookuber_3609","tripadvisor_77894","0.7083333333333333"
"bookuber_21629","tripadvisor_78152","0.7307692307692307"
"bookuber_20020","tripadvisor_71995","0.9999999999999999"
"bookuber_16758","tripadvisor_81335","0.7666666666666667"
"bookuber_24495","tripadvisor_53665","0.9999999999999999"
"bookuber_19833","tripadvisor_23154","0.7999999999999999"
"bookuber_24647","tripadvisor_73479","0.9999999999999999"
"bookuber_22538","tripadvisor_76239","0.7899999999999999"
"bookuber_19766","tripadvisor_70323","0.9999999999999999"
"bookuber_25065","tripadvisor_75776","0.7374999999999999"
"bookuber_15587","tripadvisor_74084","0.8133333333333334"
"bookuber_19818","tripadvisor_59550","0.7"
"bookuber_19675","tripadvisor_77647","0.7"
"bookuber_17496","tripadvisor_94976","0.7275862068965516"
"bookuber_15918","tripadvisor_59196","0.9999999999999999"
"bookuber_20572","tripadvisor_71450","0.7812499999999999"
"bookuber_1324","tripadvisor_57876","0.9999999999999999"
"bookuber_17474","tripadvisor_5383","0.7999999999999999"
"bookuber_21028","tripadvisor_75275","0.72"
"bookuber_21629","tripadvisor_82195","0.7846153846153846"
"bookuber_25028","tripadvisor_22569","0.7999999999999999"
"bookuber_21056","tripadvisor_70575","0.9066666666666666"
"bookuber_19407","tripadvisor_71764","0.9999999999999999"
"bookuber_20647","tripadvisor_78360","0.72"
"bookuber_21213","tripadvisor_71824","0.9"
"bookuber_18187","tripadvisor_70281","0.9999999999999999"
"bookuber_21385","tripadvisor_79998","0.72"
"bookuber_24401","tripadvisor_72380","0.7899999999999999"
"bookuber_17388","tripadvisor_70633","0.7"
"bookuber_7151","tripadvisor_72381","0.9999999999999999"
"bookuber_10044","tripadvisor_55287","0.7083333333333333"
"bookuber_25142","tripadvisor_78341","0.8249999999999998"
"bookuber_15679","tripadvisor_11913","0.7999999999999999"
"bookuber_24816","tripadvisor_75948","0.7083333333333333"
"bookuber_15111","tripadvisor_56730","0.9066666666666666"
"bookuber_17551","tripadvisor_78287","0.7052631578947368"
"bookuber_16214","tripadvisor_94315","0.7999999999999999"
"bookuber_23419","tripadvisor_71233","0.7"
"bookuber_22876","tripadvisor_70776","0.9999999999999999"
"bookuber_16594","tripadvisor_73502","0.9999999999999999"
"bookuber_19287","tripadvisor_71043","0.9999999999999999"
"bookuber_1143","tripadvisor_76926","0.7812499999999999"
"bookuber_16757","tripadvisor_50600","0.7333333333333333"
"bookuber_23308","tripadvisor_52817","0.8923076923076924"
"bookuber_25019","tripadvisor_76049","0.7083333333333333"
"bookuber_23363","tripadvisor_72129","0.9500000000000001"
"bookuber_16125","tripadvisor_50384","0.9999999999999999"
"bookuber_19777","tripadvisor_27551","0.7999999999999999"
"bookuber_19708","tripadvisor_77950","0.7374999999999999"
"bookuber_25325","tripadvisor_70447","0.7052631578947368"
"bookuber_25496","tripadvisor_12418","0.7999999999999999"
"bookuber_15654","tripadvisor_54501","0.7454545454545455"
"bookuber_22538","tripadvisor_70350","0.7529411764705881"
"bookuber_19249","tripadvisor_70240","0.7052631578947368"
"bookuber_14835","tripadvisor_22483","0.7999999999999999"
"bookuber_8051","tripadvisor_71671","0.9363636363636364"
"bookuber_22666","tripadvisor_77322","0.7"
"bookuber_18558","tripadvisor_78805","0.711764705882353"
"bookuber_15235","tripadvisor_71510","0.7"
"bookuber_18316","tripadvisor_73251","0.7083333333333333"
"bookuber_15087","tripadvisor_23768","0.7999999999999999"
"bookuber_21272","tripadvisor_74084","0.8133333333333334"
"bookuber_1143","tripadvisor_75982","0.7812499999999999"
"bookuber_25142","tripadvisor_79402","0.8055555555555555"
"bookuber_15745","tripadvisor_74126","0.72"
"bookuber_16794","tripadvisor_70420","0.9999999999999999"
"bookuber_9409","tripadvisor_77840","0.7052631578947368"
"bookuber_15779","tripadvisor_70505","0.711764705882353"
"bookuber_24134","tripadvisor_80287","0.9999999999999999"
"bookuber_14862","tripadvisor_70390","0.7"
"bookuber_19265","tripadvisor_52415","0.7666666666666667"
"bookuber_17782","tripadvisor_73360","0.9999999999999999"
"bookuber_15654","tripadvisor_54890","0.9999999999999999"
"bookuber_23540","tripadvisor_69994","0.9999999999999999"
"bookuber_15052","tripadvisor_53900","0.9999999999999999"
"bookuber_20572","tripadvisor_80299","0.7999999999999999"
"bookuber_25678","tripadvisor_71435","0.9999999999999999"
"bookuber_15937","tripadvisor_70713","0.7"
"bookuber_21028","tripadvisor_80058","0.72"
"bookuber_24816","tripadvisor_71520","0.9999999999999999"
"bookuber_22943","tripadvisor_76412","0.7666666666666667"
"bookuber_21290","tripadvisor_50782","0.9631578947368421"
"bookuber_17215","tripadvisor_53590","0.9363636363636364"
"bookuber_19636","tripadvisor_72671","0.9999999999999999"
"bookuber_17596","tripadvisor_6092","0.7999999999999999"
"bookuber_18253","tripadvisor_70278","0.7"
"bookuber_25678","tripadvisor_80299","0.7999999999999999"
"bookuber_15303","tripadvisor_50396","0.9999999999999999"
"bookuber_20572","tripadvisor_71435","0.9999999999999999"
"bookuber_25325","tripadvisor_81162","0.72"
"bookuber_22982","tripadvisor_81079","0.7772727272727272"
"bookuber_19864","tripadvisor_82209","0.7666666666666667"
"bookuber_9409","tripadvisor_77924","0.7789473684210526"
"bookuber_17836","tripadvisor_80470","0.7277777777777777"
"bookuber_18253","tripadvisor_73777","0.7666666666666667"
"bookuber_18563","tripadvisor_72157","0.726086956521739"
"bookuber_20212","tripadvisor_58458","0.9999999999999999"
"bookuber_25076","tripadvisor_75543","0.8249999999999998"
"bookuber_17115","tripadvisor_80867","0.8133333333333334"
"bookuber_16078","tripadvisor_79464","0.7869565217391304"
"bookuber_17259","tripadvisor_12201","0.7999999999999999"
"bookuber_25325","tripadvisor_78595","0.72"
"bookuber_14867","tripadvisor_70200","0.9999999999999999"
"bookuber_20812","tripadvisor_70378","0.9999999999999999"
"bookuber_17271","tripadvisor_70819","0.9611111111111111"
"bookuber_24123","tripadvisor_76864","0.7"
"bookuber_12917","tripadvisor_70739","0.8833333333333334"
"bookuber_20400","tripadvisor_78620","0.72"
"bookuber_24563","tripadvisor_70194","0.7307692307692307"
"bookuber_19708","tripadvisor_80511","0.7374999999999999"
"bookuber_24984","tripadvisor_27594","0.75"
"bookuber_20900","tripadvisor_72006","0.8833333333333334"
"bookuber_24937","tripadvisor_54444","0.8833333333333334"
"bookuber_16984","tripadvisor_81126","0.9999999999999999"
"bookuber_18236","tripadvisor_50410","0.9533333333333333"
"bookuber_21028","tripadvisor_76017","0.7899999999999999"
"bookuber_21930","tripadvisor_75377","0.7083333333333333"
"bookuber_24155","tripadvisor_70390","0.7"
"bookuber_16758","tripadvisor_71201","0.7454545454545455"
"bookuber_17765","tripadvisor_79747","0.9999999999999999"
"bookuber_9409","tripadvisor_71904","0.7333333333333333"
"bookuber_24565","tripadvisor_92092","0.9999999999999999"
"bookuber_20483","tripadvisor_78082","0.7666666666666667"
"bookuber_23306","tripadvisor_94761","0.7999999999999999"
"bookuber_20557","tripadvisor_28793","0.7999999999999999"
"bookuber_21057","tripadvisor_72573","0.7899999999999999"
"bookuber_22636","tripadvisor_71058","0.9999999999999999"
"bookuber_24615","tripadvisor_7369","0.7999999999999999"
"bookuber_16539","tripadvisor_94225","0.7999999999999999"
"bookuber_6982","tripadvisor_55133","0.7374999999999999"
"bookuber_24134","tripadvisor_76266","0.7421052631578947"
"bookuber_23048","tripadvisor_72480","0.9730769230769231"
"bookuber_23638","tripadvisor_71764","0.9999999999999999"
"bookuber_25142","tripadvisor_76461","0.7277777777777777"
"bookuber_16594","tripadvisor_71795","0.7529411764705881"
"bookuber_14892","tripadvisor_75179","0.9999999999999999"
"bookuber_21084","tripadvisor_70685","0.7277777777777777"
"bookuber_18251","tripadvisor_80095","0.72"
"bookuber_25642","tripadvisor_28172","0.7999999999999999"
"bookuber_14847","tripadvisor_13900","0.7999999999999999"
"bookuber_19651","tripadvisor_56439","0.7083333333333333"
"bookuber_22214","tripadvisor_70182","0.9999999999999999"
"bookuber_21057","tripadvisor_75803","0.7421052631578947"
"bookuber_12603","tripadvisor_50925","0.9999999999999999"
"bookuber_20373","tripadvisor_54890","0.9999999999999999"
"bookuber_19535","tripadvisor_81049","0.7307692307692307"
"bookuber_16499","tripadvisor_50617","0.9999999999999999"
"bookuber_22638","tripadvisor_12481","0.7461538461538462"
"bookuber_21629","tripadvisor_70886","0.7277777777777777"
"bookuber_19983","tripadvisor_72159","0.8185185185185185"
"bookuber_19027","tripadvisor_71708","0.72"
"bookuber_15484","tripadvisor_58739","0.9125"
"bookuber_20440","tripadvisor_69938","0.9999999999999999"
"bookuber_19478","tripadvisor_74061","0.7277777777777777"
"bookuber_18233","tripadvisor_58739","0.9125"
"bookuber_20939","tripadvisor_13828","0.7999999999999999"
"bookuber_25678","tripadvisor_71450","0.7812499999999999"
"bookuber_15358","tripadvisor_74988","0.7083333333333333"
"bookuber_19087","tripadvisor_70193","0.9999999999999999"
"bookuber_23116","tripadvisor_73172","0.8133333333333334"
"bookuber_16179","tripadvisor_72808","0.9999999999999999"
"bookuber_19289","tripadvisor_72066","0.9999999999999999"
"bookuber_20373","tripadvisor_54501","0.7454545454545455"
"bookuber_21374","tripadvisor_75518","0.7277777777777777"
"bookuber_16449","tripadvisor_77665","0.9999999999999999"
"bookuber_22632","tripadvisor_53619","0.9999999999999999"
"bookuber_19478","tripadvisor_72611","0.9999999999999999"
"bookuber_20691","tripadvisor_79872","0.7666666666666667"
"bookuber_24134","tripadvisor_79760","0.7789473684210526"
"bookuber_24504","tripadvisor_80557","0.9999999999999999"
"bookuber_20545","tripadvisor_94761","0.7999999999999999"
"bookuber_15053","tripadvisor_50607","0.809090909090909"
"bookuber_21577","tripadvisor_82150","0.7899999999999999"
"bookuber_18681","tripadvisor_23109","0.7999999999999999"
"bookuber_21106","tripadvisor_5182","0.7999999999999999"
"bookuber_16249","tripadvisor_77722","0.86"
"bookuber_24867","tripadvisor_74070","0.809090909090909"
"bookuber_17572","tripadvisor_53586","0.9999999999999999"
"bookuber_25593","tripadvisor_22483","0.7999999999999999"
"bookuber_15707","tripadvisor_70537","0.9999999999999999"
"bookuber_23938","tripadvisor_75507","0.9999999999999999"
"bookuber_16769","tripadvisor_23306","0.7999999999999999"
"bookuber_20856","tripadvisor_74888","0.7999999999999999"
"bookuber_14764","tripadvisor_72611","0.9999999999999999"
"bookuber_15040","tripadvisor_70417","0.9999999999999999"
"bookuber_20400","tripadvisor_70688","0.72"
"bookuber_19027","tripadvisor_80789","0.7666666666666667"
"bookuber_17922","tripadvisor_50570","0.8384615384615383"
"bookuber_18294","tripadvisor_70563","0.9517241379310345"
"bookuber_22896","tripadvisor_71925","0.9999999999999999"
"bookuber_18028","tripadvisor_11869","0.7999999999999999"
"bookuber_21908","tripadvisor_27683","0.7999999999999999"
"bookuber_23175","tripadvisor_60010","0.9999999999999999"
"bookuber_14764","tripadvisor_74061","0.7277777777777777"
"bookuber_22538","tripadvisor_81134","0.86"
"bookuber_20595","tripadvisor_72070","0.9999999999999999"
"bookuber_24840","tripadvisor_59168","0.9999999999999999"
"bookuber_21797","tripadvisor_77995","0.7083333333333333"
"bookuber_11926","tripadvisor_75813","0.8833333333333334"
"bookuber_19535","tripadvisor_73656","0.7374999999999999"
"bookuber_19027","tripadvisor_72299","0.9999999999999999"
"bookuber_25678","tripadvisor_77497","0.7374999999999999"
"bookuber_20874","tripadvisor_70292","0.7999999999999999"
"bookuber_15745","tripadvisor_76953","0.7899999999999999"
"bookuber_22822","tripadvisor_12167","0.7999999999999999"
"bookuber_17773","tripadvisor_78765","0.72"
"bookuber_20015","tripadvisor_71725","0.9999999999999999"
"bookuber_15587","tripadvisor_70253","0.7529411764705881"
"bookuber_15140","tripadvisor_75121","0.7454545454545455"
"bookuber_16285","tripadvisor_78714","0.8949999999999999"
"bookuber_21028","tripadvisor_70363","0.72"
"bookuber_14892","tripadvisor_72740","0.7"
"bookuber_15293","tripadvisor_70423","0.7799999999999999"
"bookuber_16817","tripadvisor_4810","0.763157894736842"
"bookuber_16757","tripadvisor_50511","0.9999999999999999"
"bookuber_21006","tripadvisor_69971","0.809090909090909"
"bookuber_17945","tripadvisor_70149","0.7666666666666667"
"bookuber_23935","tripadvisor_73479","0.9999999999999999"
"bookuber_15553","tripadvisor_77086","0.72"
"bookuber_25206","tripadvisor_72206","0.9999999999999999"
"bookuber_19000","tripadvisor_27860","0.7999999999999999"
"bookuber_25125","tripadvisor_11869","0.7999999999999999"
"bookuber_21057","tripadvisor_72465","0.7812499999999999"
"bookuber_18251","tripadvisor_78360","0.72"
"bookuber_17281","tripadvisor_76836","0.7454545454545455"
"bookuber_22571","tripadvisor_52853","0.9533333333333333"
"bookuber_18285","tripadvisor_75244","0.7"
"bookuber_20202","tripadvisor_27747","0.7999999999999999"
"bookuber_14276","tripadvisor_52799","0.7846153846153846"
"bookuber_15481","tripadvisor_53291","0.9999999999999999"
"bookuber_20812","tripadvisor_70255","0.7374999999999999"
"bookuber_18661","tripadvisor_71140","0.9999999999999999"
"bookuber_15937","tripadvisor_76776","0.7"
"bookuber_16606","tripadvisor_73505","0.72"
"bookuber_16268","tripadvisor_73381","0.9999999999999999"
"bookuber_22393","tripadvisor_4667","0.7124999999999999"
"bookuber_17668","tripadvisor_53538","0.7148148148148147"
"bookuber_24504","tripadvisor_78079","0.7812499999999999"
"bookuber_21057","tripadvisor_79687","0.86"
"bookuber_15140","tripadvisor_74041","0.9999999999999999"
"bookuber_19750","tripadvisor_50775","0.7"
"bookuber_17347","tripadvisor_71984","0.7499999999999999"
"bookuber_17833","tripadvisor_70317","0.7999999999999999"
"bookuber_24648","tripadvisor_77950","0.7374999999999999"
"bookuber_18805","tripadvisor_74348","0.9999999999999999"
"bookuber_22889","tripadvisor_50386","0.916"
"bookuber_23248","tripadvisor_58264","0.7136363636363635"
"bookuber_24174","tripadvisor_92061","0.86"
"bookuber_17932","tripadvisor_71482","0.9999999999999999"
"bookuber_16514","tripadvisor_71125","0.9999999999999999"
"bookuber_23229","tripadvisor_71943","0.9999999999999999"
"bookuber_19704","tripadvisor_71925","0.9999999999999999"
"bookuber_22261","tripadvisor_22987","0.7999999999999999"
"bookuber_21272","tripadvisor_70253","0.7529411764705881"
"bookuber_15805","tripadvisor_72066","0.9999999999999999"
"bookuber_17836","tripadvisor_70574","0.9999999999999999"
"bookuber_21057","tripadvisor_80949","0.7"
"bookuber_23116","tripadvisor_80204","0.7421052631578947"
"bookuber_21644","tripadvisor_81543","0.7"
"bookuber_24207","tripadvisor_80714","0.8444444444444444"
"bookuber_17115","tripadvisor_70196","0.8249999999999998"
"bookuber_14751","tripadvisor_50607","0.809090909090909"
"bookuber_25019","tripadvisor_75221","0.7083333333333333"
"bookuber_17115","tripadvisor_82147","0.7666666666666667"
"bookuber_17410","tripadvisor_96222","0.7999999999999999"
"bookuber_25161","tripadvisor_80147","0.7899999999999999"
"bookuber_18558","tripadvisor_72293","0.755"
"bookuber_17969","tripadvisor_79706","0.7038461538461538"
"bookuber_22858","tripadvisor_76856","0.7083333333333333"
"bookuber_15779","tripadvisor_72157","0.726086956521739"
"bookuber_17225","tripadvisor_94145","0.75625"
"bookuber_20235","tripadvisor_70400","0.9999999999999999"
"bookuber_22915","tripadvisor_58264","0.7136363636363635"
"bookuber_22647","tripadvisor_71294","0.9562499999999999"
"bookuber_20458","tripadvisor_74498","0.86875"
"bookuber_25365","tripadvisor_50607","0.809090909090909"
"bookuber_20271","tripadvisor_74227","0.7666666666666667"
"bookuber_15519","tripadvisor_54837","0.8025641025641025"
"bookuber_15519","tripadvisor_54836","0.8025641025641025"
"bookuber_15358","tripadvisor_72404","0.9999999999999999"
"bookuber_21028","tripadvisor_76199","0.72"
"bookuber_18245","tripadvisor_54118","0.9695652173913044"
"bookuber_22548","tripadvisor_71106","0.9999999999999999"
"bookuber_17986","tripadvisor_71426","0.9066666666666666"
"bookuber_19958","tripadvisor_78242","0.7454545454545455"
"bookuber_22906","tripadvisor_78702","0.7999999999999999"
"bookuber_18123","tripadvisor_77205","0.7666666666666667"
"bookuber_17115","tripadvisor_71084","0.7"
"bookuber_17115","tripadvisor_70719","0.8133333333333334"
"bookuber_16606","tripadvisor_78595","0.72"
"bookuber_15855","tripadvisor_74227","0.7666666666666667"
"bookuber_22538","tripadvisor_79402","0.8055555555555555"
"bookuber_15232","tripadvisor_74824","0.7277777777777777"
"bookuber_22104","tripadvisor_71795","0.7529411764705881"
"bookuber_23977","tripadvisor_78491","0.7666666666666667"
"bookuber_21501","tripadvisor_72828","0.9999999999999999"
"bookuber_23415","tripadvisor_76110","0.7"
"bookuber_21736","tripadvisor_71849","0.9999999999999999"
"bookuber_20601","tripadvisor_70249","0.7454545454545455"
"bookuber_18251","tripadvisor_77466","0.809090909090909"
"bookuber_20912","tripadvisor_94135","0.75"
"bookuber_18498","tripadvisor_70113","0.9588235294117647"
"bookuber_18803","tripadvisor_94810","0.7999999999999999"
"bookuber_25770","tripadvisor_72224","0.8249999999999998"
"bookuber_15727","tripadvisor_73146","0.7454545454545455"
"bookuber_16606","tripadvisor_81162","0.72"
"bookuber_25539","tripadvisor_75611","0.9999999999999999"
"bookuber_16430","tripadvisor_70327","0.7"
"bookuber_25142","tripadvisor_70350","0.7529411764705881"
"bookuber_17589","tripadvisor_53538","0.7148148148148147"
"bookuber_25040","tripadvisor_76592","0.72"
"bookuber_18251","tripadvisor_77200","0.93"
"bookuber_16258","tripadvisor_71856","0.7999999999999999"
"bookuber_22538","tripadvisor_78341","0.8249999999999998"
"bookuber_9409","tripadvisor_73552","0.7136363636363635"
"bookuber_18371","tripadvisor_11797","0.7999999999999999"
"bookuber_21385","tripadvisor_80097","0.9999999999999999"
"bookuber_24636","tripadvisor_81543","0.7"
"bookuber_23234","tripadvisor_94711","0.7999999999999999"
"bookuber_16569","tripadvisor_27581","0.7999999999999999"
"bookuber_22633","tripadvisor_70193","0.9999999999999999"
"bookuber_24563","tripadvisor_72002","0.7038461538461538"
"bookuber_19750","tripadvisor_50444","0.9999999999999999"
"bookuber_23116","tripadvisor_78079","0.7812499999999999"
"bookuber_19860","tripadvisor_69994","0.9999999999999999"
"bookuber_17969","tripadvisor_77300","0.7479999999999999"
"bookuber_16479","tripadvisor_10764","0.763157894736842"
"bookuber_20270","tripadvisor_70872","0.9999999999999999"
"bookuber_18250","tripadvisor_13824","0.7999999999999999"
"bookuber_23192","tripadvisor_75647","0.809090909090909"
"bookuber_16869","tripadvisor_70292","0.7999999999999999"
"bookuber_25142","tripadvisor_76239","0.7899999999999999"
"bookuber_22674","tripadvisor_75931","0.9999999999999999"
"bookuber_21411","tripadvisor_76776","0.7"
"bookuber_15232","tripadvisor_73736","0.72"
"bookuber_25065","tripadvisor_78822","0.72"
"bookuber_21948","tripadvisor_94796","0.7999999999999999"
"bookuber_16430","tripadvisor_80138","0.7"
"bookuber_18661","tripadvisor_70840","0.7374999999999999"
"bookuber_18104","tripadvisor_50511","0.9999999999999999"
"bookuber_20307","tripadvisor_79700","0.72"
"bookuber_23428","tripadvisor_70420","0.9999999999999999"
"bookuber_25678","tripadvisor_70020","0.7666666666666667"
"bookuber_24693","tripadvisor_70825","0.7083333333333333"
"bookuber_22202","tripadvisor_69954","0.72"
"bookuber_25143","tripadvisor_71421","0.9999999999999999"
"bookuber_25631","tripadvisor_71146","0.93"
"bookuber_17945","tripadvisor_76028","0.9999999999999999"
"bookuber_19708","tripadvisor_75600","0.9999999999999999"
"bookuber_18182","tripadvisor_5409","0.7999999999999999"
"bookuber_25208","tripadvisor_54247","0.9999999999999999"
"bookuber_4270","tripadvisor_18293","0.9416666666666665"
"bookuber_24504","tripadvisor_80204","0.7421052631578947"
"bookuber_22876","tripadvisor_72014","0.7421052631578947"
"bookuber_16075","tripadvisor_4933","0.7999999999999999"
"bookuber_19958","tripadvisor_81924","0.7307692307692307"
"bookuber_17115","tripadvisor_70832","0.7136363636363635"
"bookuber_25234","tripadvisor_70124","0.9999999999999999"
"bookuber_17755","tripadvisor_51041","0.72"
"bookuber_21099","tripadvisor_50608","0.7999999999999999"
"bookuber_25076","tripadvisor_76685","0.7421052631578947"
"bookuber_15423","tripadvisor_52875","0.965"
"bookuber_24","tripadvisor_78052","0.7374999999999999"
"bookuber_19648","tripadvisor_70399","0.9"
"bookuber_18056","tripadvisor_71664","0.7307692307692307"
"bookuber_7223","tripadvisor_17983","0.7999999999999999"
"bookuber_15729","tripadvisor_71812","0.9999999999999999"
"bookuber_17154","tripadvisor_50585","0.9999999999999999"
"bookuber_22538","tripadvisor_70033","0.7789473684210526"
"bookuber_16808","tripadvisor_78157","0.8833333333333334"
"bookuber_17490","tripadvisor_77806","0.7899999999999999"
"bookuber_15726","tripadvisor_70605","0.9999999999999999"
"bookuber_24134","tripadvisor_75951","0.7421052631578947"
"bookuber_23715","tripadvisor_73651","0.7"
"bookuber_21109","tripadvisor_71005","0.9611111111111111"
"bookuber_20943","tripadvisor_78491","0.7666666666666667"
"bookuber_24621","tripadvisor_70796","0.9999999999999999"
"bookuber_15553","tripadvisor_70072","0.9999999999999999"
"bookuber_22538","tripadvisor_70039","0.9999999999999999"
"bookuber_22685","tripadvisor_71221","0.9999999999999999"
"bookuber_24077","tripadvisor_53163","0.72"
"bookuber_23152","tripadvisor_71811","0.9461538461538462"
"bookuber_24064","tripadvisor_5314","0.7999999999999999"
"bookuber_23415","tripadvisor_73702","0.7"
"bookuber_19750","tripadvisor_50416","0.72"
"bookuber_16781","tripadvisor_70111","0.9999999999999999"
"bookuber_16702","tripadvisor_70911","0.9999999999999999"
"bookuber_19377","tripadvisor_23090","0.7999999999999999"
"bookuber_21272","tripadvisor_79574","0.85"
"bookuber_17807","tripadvisor_53291","0.9999999999999999"
"bookuber_20572","tripadvisor_78863","0.7999999999999999"
"bookuber_20143","tripadvisor_94195","0.7999999999999999"
"bookuber_24196","tripadvisor_28463","0.7999999999999999"
"bookuber_20307","tripadvisor_77647","0.7"
"bookuber_23801","tripadvisor_72356","0.9999999999999999"
"bookuber_23229","tripadvisor_70633","0.7"
"bookuber_25644","tripadvisor_94257","0.7999999999999999"
"bookuber_25142","tripadvisor_70334","0.7529411764705881"
"bookuber_24468","tripadvisor_53748","0.9999999999999999"
"bookuber_15587","tripadvisor_71245","0.7136363636363635"
"bookuber_22833","tripadvisor_51475","0.7038461538461538"
"bookuber_21095","tripadvisor_76382","0.72"
"bookuber_1143","tripadvisor_70986","0.7812499999999999"
"bookuber_10082","tripadvisor_71198","0.7613636363636364"
"bookuber_17173","tripadvisor_94347","0.7999999999999999"
"bookuber_16032","tripadvisor_70888","0.7999999999999999"
"bookuber_15376","tripadvisor_76282","0.8833333333333334"
"bookuber_18649","tripadvisor_80759","0.9999999999999999"
"bookuber_17804","tripadvisor_74953","0.7374999999999999"
"bookuber_9409","tripadvisor_78005","0.7789473684210526"
"bookuber_20485","tripadvisor_71973","0.9999999999999999"
"bookuber_16957","tripadvisor_72111","0.9416666666666665"
"bookuber_15735","tripadvisor_4964","0.7999999999999999"
"bookuber_18804","tripadvisor_71995","0.9999999999999999"
"bookuber_19651","tripadvisor_53041","0.9999999999999999"
"bookuber_20483","tripadvisor_79191","0.7666666666666667"
"bookuber_20594","tripadvisor_71996","0.9588235294117647"
"bookuber_22196","tripadvisor_55617","0.9999999999999999"
"bookuber_16975","tripadvisor_72356","0.9999999999999999"
"bookuber_20664","tripadvisor_78765","0.72"
"bookuber_20716","tripadvisor_69980","0.7"
"bookuber_19027","tripadvisor_71724","0.711764705882353"
"bookuber_19568","tripadvisor_53138","0.8833333333333334"
"bookuber_20647","tripadvisor_80147","0.7899999999999999"
"bookuber_24123","tripadvisor_71007","0.9999999999999999"
"bookuber_24444","tripadvisor_70715","0.9999999999999999"
"bookuber_19284","tripadvisor_94810","0.7999999999999999"
"bookuber_21476","tripadvisor_60010","0.9999999999999999"
"bookuber_19839","tripadvisor_95460","0.7999999999999999"
"bookuber_18569","tripadvisor_71005","0.9611111111111111"
"bookuber_22837","tripadvisor_72159","0.8185185185185185"
"bookuber_15119","tripadvisor_50522","0.9363636363636364"
"bookuber_18009","tripadvisor_71443","0.9999999999999999"
"bookuber_12359","tripadvisor_50666","0.9999999999999999"
"bookuber_15113","tripadvisor_77376","0.72"
"bookuber_20954","tripadvisor_71102","0.9249999999999999"
"bookuber_24734","tripadvisor_94601","0.7999999999999999"
"bookuber_17840","tripadvisor_80154","0.7083333333333333"
"bookuber_18816","tripadvisor_81543","0.7"
"bookuber_24841","tripadvisor_70561","0.9533333333333333"
"bookuber_14996","tripadvisor_80231","0.7"
"bookuber_16430","tripadvisor_70490","0.7"
"bookuber_21617","tripadvisor_70523","0.876470588235294"
"bookuber_16758","tripadvisor_73781","0.9999999999999999"
"bookuber_15587","tripadvisor_79574","0.85"
"bookuber_21960","tripadvisor_70301","0.9125"
"bookuber_18615","tripadvisor_74203","0.7"
"bookuber_19794","tripadvisor_23880","0.73"
"bookuber_18253","tripadvisor_75921","0.7277777777777777"
"bookuber_25142","tripadvisor_72877","0.8055555555555555"
"bookuber_23116","tripadvisor_80557","0.9999999999999999"
"bookuber_20079","tripadvisor_57454","0.9999999999999999"
"bookuber_21272","tripadvisor_71245","0.7136363636363635"
"bookuber_15140","tripadvisor_70215","0.7083333333333333"
"bookuber_25325","tripadvisor_73505","0.72"
"bookuber_24504","tripadvisor_73172","0.8133333333333334"
"bookuber_19027","tripadvisor_78829","0.72"
"bookuber_20350","tripadvisor_79901","0.7374999999999999"
"bookuber_15825","tripadvisor_71984","0.7499999999999999"
"bookuber_3609","tripadvisor_74696","0.7083333333333333"
"bookuber_20246","tripadvisor_75434","0.8055555555555555"
"bookuber_25785","tripadvisor_94107","0.7999999999999999"
"bookuber_15264","tripadvisor_54108","0.7374999999999999"
